image_name,quality_mos
00001.jpg,0.4886
00002.jpg,0.6250
00003.jpg,0.7725
00004.jpg,0.6700
00005.jpg,0.2271
00006.jpg,0.3317
00007.jpg,0.7300
00008.jpg,0.2014
00009.jpg,0.1250
00010.jpg,0.5625
00011.jpg,0.6313
00012.jpg,0.2014
00013.jpg,0.2500
00014.jpg,0.0583
00015.jpg,0.2911
00016.jpg,0.7614
00017.jpg,0.5629
00018.jpg,0.3157
00019.jpg,0.7057
00020.jpg,0.5988
00021.jpg,0.7413
00022.jpg,0.5875
00023.jpg,0.4413
00024.jpg,0.3675
00025.jpg,0.5600
00026.jpg,0.7143
00027.jpg,0.4888
00028.jpg,0.0886
00029.jpg,0.1686
00030.jpg,0.4100
00031.jpg,0.7883
00032.jpg,0.7086
00033.jpg,0.6483
00034.jpg,0.9120
00035.jpg,0.3817
00036.jpg,0.2700
00037.jpg,0.6471
00038.jpg,0.0800
00039.jpg,0.6300
00040.jpg,0.2517
00041.jpg,0.2250
00042.jpg,0.5029
00043.jpg,0.5183
00044.jpg,0.3417
00045.jpg,0.0871
00046.jpg,0.1667
00047.jpg,0.2257
00048.jpg,0.2243
00049.jpg,0.3683
00050.jpg,0.5883
00051.jpg,0.1167
00052.jpg,0.7583
00053.jpg,0.7100
00054.jpg,0.1933
00055.jpg,0.1400
00056.jpg,0.6700
00057.jpg,0.6556
00058.jpg,0.4570
00059.jpg,0.3260
00060.jpg,0.1613
00061.jpg,0.7800
00062.jpg,0.3250
00063.jpg,0.3760
00064.jpg,0.3133
00065.jpg,0.3278
00066.jpg,0.6763
00067.jpg,0.6786
00068.jpg,0.1863
00069.jpg,0.6688
00070.jpg,0.5600
00071.jpg,0.4622
00072.jpg,0.2188
00073.jpg,0.3440
00074.jpg,0.3843
00075.jpg,0.3988
00076.jpg,0.2838
00077.jpg,0.4988
00078.jpg,0.6714
00079.jpg,0.2663
00080.jpg,0.4188
00081.jpg,0.0743
00082.jpg,0.7338
00083.jpg,0.6171
00084.jpg,0.4671
00085.jpg,0.1657
00086.jpg,0.3286
00087.jpg,0.5657
00088.jpg,0.7586
00089.jpg,0.7388
00090.jpg,0.5471
00091.jpg,0.7886
00092.jpg,0.4986
00093.jpg,0.3429
00094.jpg,0.3400
00095.jpg,0.4786
00096.jpg,0.3490
00097.jpg,0.5838
00098.jpg,0.4914
00099.jpg,0.4114
00100.jpg,0.5063
00101.jpg,0.1600
00102.jpg,0.3529
00103.jpg,0.4250
00104.jpg,0.5888
00105.jpg,0.4788
00106.jpg,0.6886
00107.jpg,0.3888
00108.jpg,0.6400
00109.jpg,0.6013
00110.jpg,0.3714
00111.jpg,0.4357
00112.jpg,0.2788
00113.jpg,0.2050
00114.jpg,0.1457
00115.jpg,0.7814
00116.jpg,0.5463
00117.jpg,0.7543
00118.jpg,0.3986
00119.jpg,0.5363
00120.jpg,0.5129
00121.jpg,0.6457
00122.jpg,0.3857
00123.jpg,0.2657
00124.jpg,0.6714
00125.jpg,0.4300
00126.jpg,0.8214
00127.jpg,0.7738
00128.jpg,0.7400
00129.jpg,0.4400
00130.jpg,0.1283
00131.jpg,0.4244
00132.jpg,0.5689
00133.jpg,0.7189
00134.jpg,0.5300
00135.jpg,0.7756
00136.jpg,0.2175
00137.jpg,0.5270
00138.jpg,0.2000
00139.jpg,0.5278
00140.jpg,0.2200
00141.jpg,0.3080
00142.jpg,0.1560
00143.jpg,0.7530
00144.jpg,0.2920
00145.jpg,0.4067
00146.jpg,0.3400
00147.jpg,0.3780
00148.jpg,0.8044
00149.jpg,0.6889
00150.jpg,0.7900
00151.jpg,0.4222
00152.jpg,0.2170
00153.jpg,0.8189
00154.jpg,0.9138
00155.jpg,0.4463
00156.jpg,0.3400
00157.jpg,0.7989
00158.jpg,0.4970
00159.jpg,0.7167
00160.jpg,0.4680
00161.jpg,0.3718
00162.jpg,0.3118
00163.jpg,0.8056
00164.jpg,0.4511
00165.jpg,0.7989
00166.jpg,0.2582
00167.jpg,0.3275
00168.jpg,0.7370
00169.jpg,0.7778
00170.jpg,0.7311
00171.jpg,0.6250
00172.jpg,0.6260
00173.jpg,0.3511
00174.jpg,0.7900
00175.jpg,0.2300
00176.jpg,0.7891
00177.jpg,0.7920
00178.jpg,0.5367
00179.jpg,0.7133
00180.jpg,0.7520
00181.jpg,0.4356
00182.jpg,0.8050
00183.jpg,0.5940
00184.jpg,0.5440
00185.jpg,0.6489
00186.jpg,0.6425
00187.jpg,0.2660
00188.jpg,0.6770
00189.jpg,0.4420
00190.jpg,0.5744
00191.jpg,0.3338
00192.jpg,0.6078
00193.jpg,0.3711
00194.jpg,0.6200
00195.jpg,0.4150
00196.jpg,0.1088
00197.jpg,0.3933
00198.jpg,0.4225
00199.jpg,0.5100
00200.jpg,0.7538
00201.jpg,0.3450
00202.jpg,0.6475
00203.jpg,0.7644
00204.jpg,0.7838
00205.jpg,0.3463
00206.jpg,0.1275
00207.jpg,0.5756
00208.jpg,0.4686
00209.jpg,0.3429
00210.jpg,0.8550
00211.jpg,0.4692
00212.jpg,0.3442
00213.jpg,0.2018
00214.jpg,0.1838
00215.jpg,0.1383
00216.jpg,0.7323
00217.jpg,0.2162
00218.jpg,0.4800
00219.jpg,0.6142
00220.jpg,0.1464
00221.jpg,0.7850
00222.jpg,0.5808
00223.jpg,0.5083
00224.jpg,0.1908
00225.jpg,0.2717
00226.jpg,0.3546
00227.jpg,0.8231
00228.jpg,0.7383
00229.jpg,0.1154
00230.jpg,0.4800
00231.jpg,0.6243
00232.jpg,0.5308
00233.jpg,0.7106
00234.jpg,0.7485
00235.jpg,0.1853
00236.jpg,0.4767
00237.jpg,0.2092
00238.jpg,0.1700
00239.jpg,0.5375
00240.jpg,0.4800
00241.jpg,0.4300
00242.jpg,0.3014
00243.jpg,0.3877
00244.jpg,0.2600
00245.jpg,0.2583
00246.jpg,0.7562
00247.jpg,0.3223
00248.jpg,0.3377
00249.jpg,0.2477
00250.jpg,0.0915
00251.jpg,0.7279
00252.jpg,0.4454
00253.jpg,0.3277
00254.jpg,0.4215
00255.jpg,0.5792
00256.jpg,0.2654
00257.jpg,0.2208
00258.jpg,0.5700
00259.jpg,0.5233
00260.jpg,0.7009
00261.jpg,0.3021
00262.jpg,0.6785
00263.jpg,0.4658
00264.jpg,0.7036
00265.jpg,0.3685
00266.jpg,0.6383
00267.jpg,0.6715
00268.jpg,0.2475
00269.jpg,0.1631
00270.jpg,0.6958
00271.jpg,0.6692
00272.jpg,0.1709
00273.jpg,0.7538
00274.jpg,0.5962
00275.jpg,0.6225
00276.jpg,0.7308
00277.jpg,0.6907
00278.jpg,0.2075
00279.jpg,0.8508
00280.jpg,0.4046
00281.jpg,0.8118
00282.jpg,0.7513
00283.jpg,0.6550
00284.jpg,0.2709
00285.jpg,0.6360
00286.jpg,0.6556
00287.jpg,0.4820
00288.jpg,0.7420
00289.jpg,0.4530
00290.jpg,0.2067
00291.jpg,0.2120
00292.jpg,0.2778
00293.jpg,0.5875
00294.jpg,0.5578
00295.jpg,0.7389
00296.jpg,0.6580
00297.jpg,0.3464
00298.jpg,0.6890
00299.jpg,0.4645
00300.jpg,0.6750
00301.jpg,0.5890
00302.jpg,0.3464
00303.jpg,0.0740
00304.jpg,0.6090
00305.jpg,0.6870
00306.jpg,0.3809
00307.jpg,0.2233
00308.jpg,0.6017
00309.jpg,0.4282
00310.jpg,0.6280
00311.jpg,0.5838
00312.jpg,0.1683
00313.jpg,0.5455
00314.jpg,0.2545
00315.jpg,0.1909
00316.jpg,0.3620
00317.jpg,0.3783
00318.jpg,0.4000
00319.jpg,0.2818
00320.jpg,0.2730
00321.jpg,0.4400
00322.jpg,0.2891
00323.jpg,0.1745
00324.jpg,0.3170
00325.jpg,0.7390
00326.jpg,0.2864
00327.jpg,0.5992
00328.jpg,0.7890
00329.jpg,0.3355
00330.jpg,0.5270
00331.jpg,0.7570
00332.jpg,0.3950
00333.jpg,0.6150
00334.jpg,0.7490
00335.jpg,0.3145
00336.jpg,0.3250
00337.jpg,0.6743
00338.jpg,0.5350
00339.jpg,0.4200
00340.jpg,0.2440
00341.jpg,0.4800
00342.jpg,0.7991
00343.jpg,0.8278
00344.jpg,0.4670
00345.jpg,0.2850
00346.jpg,0.7845
00347.jpg,0.2592
00348.jpg,0.5525
00349.jpg,0.6100
00350.jpg,0.4570
00351.jpg,0.1918
00352.jpg,0.5771
00353.jpg,0.7811
00354.jpg,0.7439
00355.jpg,0.6463
00356.jpg,0.5112
00357.jpg,0.1815
00358.jpg,0.3853
00359.jpg,0.2431
00360.jpg,0.6741
00361.jpg,0.2263
00362.jpg,0.5789
00363.jpg,0.2795
00364.jpg,0.3665
00365.jpg,0.7783
00366.jpg,0.7833
00367.jpg,0.6241
00368.jpg,0.2250
00369.jpg,0.0563
00370.jpg,0.7575
00371.jpg,0.5161
00372.jpg,0.7194
00373.jpg,0.3805
00374.jpg,0.6282
00375.jpg,0.7188
00376.jpg,0.3528
00377.jpg,0.7519
00378.jpg,0.7065
00379.jpg,0.2221
00380.jpg,0.5838
00381.jpg,0.7944
00382.jpg,0.7176
00383.jpg,0.6975
00384.jpg,0.8238
00385.jpg,0.4263
00386.jpg,0.7535
00387.jpg,0.6572
00388.jpg,0.2533
00389.jpg,0.3312
00390.jpg,0.7188
00391.jpg,0.7724
00392.jpg,0.3727
00393.jpg,0.7313
00394.jpg,0.1871
00395.jpg,0.8694
00396.jpg,0.2728
00397.jpg,0.6156
00398.jpg,0.7456
00399.jpg,0.4159
00400.jpg,0.8033
00401.jpg,0.7038
00402.jpg,0.7465
00403.jpg,0.3347
00404.jpg,0.3094
00405.jpg,0.4307
00406.jpg,0.4100
00407.jpg,0.8165
00408.jpg,0.4731
00409.jpg,0.5625
00410.jpg,0.3247
00411.jpg,0.1506
00412.jpg,0.6813
00413.jpg,0.6541
00414.jpg,0.5925
00415.jpg,0.6956
00416.jpg,0.6568
00417.jpg,0.7250
00418.jpg,0.4581
00419.jpg,0.0569
00420.jpg,0.7971
00421.jpg,0.3514
00422.jpg,0.7886
00423.jpg,0.8500
00424.jpg,0.1833
00425.jpg,0.8456
00426.jpg,0.4183
00427.jpg,0.1517
00428.jpg,0.4533
00429.jpg,0.7033
00430.jpg,0.8633
00431.jpg,0.8350
00432.jpg,0.2257
00433.jpg,0.8500
00434.jpg,0.3250
00435.jpg,0.2967
00436.jpg,0.2150
00437.jpg,0.1957
00438.jpg,0.7433
00439.jpg,0.3433
00440.jpg,0.2950
00441.jpg,0.4522
00442.jpg,0.6638
00443.jpg,0.7700
00444.jpg,0.7613
00445.jpg,0.4963
00446.jpg,0.3525
00447.jpg,0.1714
00448.jpg,0.2114
00449.jpg,0.2288
00450.jpg,0.6675
00451.jpg,0.7000
00452.jpg,0.6713
00453.jpg,0.2488
00454.jpg,0.7475
00455.jpg,0.4475
00456.jpg,0.5143
00457.jpg,0.3271
00458.jpg,0.6838
00459.jpg,0.3214
00460.jpg,0.7786
00461.jpg,0.3200
00462.jpg,0.7550
00463.jpg,0.6800
00464.jpg,0.6800
00465.jpg,0.7329
00466.jpg,0.6167
00467.jpg,0.7714
00468.jpg,0.7450
00469.jpg,0.7267
00470.jpg,0.7783
00471.jpg,0.3757
00472.jpg,0.8000
00473.jpg,0.5717
00474.jpg,0.5200
00475.jpg,0.3986
00476.jpg,0.3000
00477.jpg,0.3083
00478.jpg,0.7850
00479.jpg,0.8050
00480.jpg,0.7238
00481.jpg,0.4500
00482.jpg,0.3214
00483.jpg,0.7767
00484.jpg,0.6500
00485.jpg,0.4583
00486.jpg,0.7350
00487.jpg,0.8350
00488.jpg,0.3333
00489.jpg,0.6950
00490.jpg,0.1829
00491.jpg,0.8383
00492.jpg,0.8491
00493.jpg,0.4200
00494.jpg,0.4533
00495.jpg,0.6292
00496.jpg,0.6633
00497.jpg,0.6738
00498.jpg,0.8517
00499.jpg,0.3453
00500.jpg,0.4050
00501.jpg,0.5325
00502.jpg,0.6392
00503.jpg,0.4282
00504.jpg,0.7843
00505.jpg,0.4367
00506.jpg,0.5875
00507.jpg,0.3175
00508.jpg,0.3977
00509.jpg,0.2730
00510.jpg,0.7973
00511.jpg,0.5480
00512.jpg,0.4650
00513.jpg,0.4973
00514.jpg,0.2510
00515.jpg,0.8160
00516.jpg,0.3845
00517.jpg,0.7500
00518.jpg,0.5670
00519.jpg,0.1945
00520.jpg,0.7355
00521.jpg,0.7960
00522.jpg,0.7427
00523.jpg,0.2318
00524.jpg,0.7444
00525.jpg,0.3540
00526.jpg,0.6290
00527.jpg,0.3850
00528.jpg,0.7673
00529.jpg,0.7920
00530.jpg,0.6450
00531.jpg,0.6650
00532.jpg,0.3610
00533.jpg,0.7627
00534.jpg,0.3736
00535.jpg,0.7660
00536.jpg,0.2785
00537.jpg,0.5008
00538.jpg,0.2415
00539.jpg,0.2850
00540.jpg,0.3545
00541.jpg,0.8145
00542.jpg,0.7642
00543.jpg,0.8027
00544.jpg,0.4845
00545.jpg,0.2636
00546.jpg,0.4958
00547.jpg,0.7717
00548.jpg,0.6190
00549.jpg,0.6145
00550.jpg,0.4164
00551.jpg,0.3692
00552.jpg,0.4670
00553.jpg,0.7750
00554.jpg,0.5918
00555.jpg,0.3340
00556.jpg,0.6454
00557.jpg,0.6738
00558.jpg,0.1370
00559.jpg,0.5260
00560.jpg,0.4883
00561.jpg,0.7357
00562.jpg,0.7621
00563.jpg,0.8158
00564.jpg,0.2711
00565.jpg,0.7677
00566.jpg,0.4423
00567.jpg,0.4755
00568.jpg,0.3595
00569.jpg,0.8317
00570.jpg,0.6095
00571.jpg,0.6674
00572.jpg,0.3850
00573.jpg,0.7947
00574.jpg,0.6995
00575.jpg,0.2942
00576.jpg,0.1611
00577.jpg,0.2111
00578.jpg,0.6816
00579.jpg,0.6158
00580.jpg,0.7595
00581.jpg,0.2300
00582.jpg,0.4356
00583.jpg,0.1516
00584.jpg,0.4060
00585.jpg,0.6263
00586.jpg,0.7194
00587.jpg,0.4976
00588.jpg,0.6842
00589.jpg,0.3968
00590.jpg,0.2616
00591.jpg,0.6400
00592.jpg,0.7341
00593.jpg,0.2876
00594.jpg,0.4875
00595.jpg,0.6172
00596.jpg,0.1165
00597.jpg,0.7688
00598.jpg,0.7870
00599.jpg,0.2847
00600.jpg,0.3567
00601.jpg,0.5189
00602.jpg,0.7114
00603.jpg,0.6417
00604.jpg,0.6528
00605.jpg,0.6011
00606.jpg,0.7065
00607.jpg,0.7012
00608.jpg,0.3815
00609.jpg,0.3939
00610.jpg,0.3358
00611.jpg,0.6711
00612.jpg,0.6524
00613.jpg,0.6053
00614.jpg,0.7628
00615.jpg,0.2028
00616.jpg,0.3059
00617.jpg,0.6417
00618.jpg,0.3429
00619.jpg,0.3261
00620.jpg,0.1900
00621.jpg,0.3076
00622.jpg,0.6360
00623.jpg,0.2767
00624.jpg,0.2633
00625.jpg,0.5338
00626.jpg,0.3832
00627.jpg,0.4081
00628.jpg,0.4982
00629.jpg,0.7453
00630.jpg,0.3841
00631.jpg,0.4013
00632.jpg,0.3329
00633.jpg,0.2400
00634.jpg,0.6983
00635.jpg,0.3550
00636.jpg,0.2733
00637.jpg,0.5467
00638.jpg,0.2400
00639.jpg,0.7314
00640.jpg,0.3317
00641.jpg,0.6514
00642.jpg,0.4100
00643.jpg,0.2671
00644.jpg,0.3413
00645.jpg,0.5338
00646.jpg,0.6743
00647.jpg,0.7088
00648.jpg,0.3057
00649.jpg,0.8143
00650.jpg,0.1829
00651.jpg,0.6843
00652.jpg,0.6913
00653.jpg,0.6186
00654.jpg,0.5486
00655.jpg,0.7371
00656.jpg,0.5300
00657.jpg,0.5900
00658.jpg,0.6986
00659.jpg,0.6613
00660.jpg,0.5943
00661.jpg,0.6157
00662.jpg,0.7314
00663.jpg,0.4771
00664.jpg,0.3600
00665.jpg,0.5229
00666.jpg,0.5743
00667.jpg,0.4278
00668.jpg,0.1714
00669.jpg,0.6571
00670.jpg,0.7786
00671.jpg,0.3314
00672.jpg,0.6143
00673.jpg,0.6613
00674.jpg,0.3329
00675.jpg,0.6025
00676.jpg,0.6457
00677.jpg,0.6586
00678.jpg,0.6371
00679.jpg,0.5543
00680.jpg,0.5157
00681.jpg,0.6171
00682.jpg,0.6286
00683.jpg,0.4300
00684.jpg,0.6800
00685.jpg,0.7600
00686.jpg,0.5471
00687.jpg,0.3886
00688.jpg,0.3333
00689.jpg,0.2957
00690.jpg,0.3057
00691.jpg,0.4657
00692.jpg,0.6329
00693.jpg,0.6929
00694.jpg,0.3188
00695.jpg,0.7657
00696.jpg,0.3857
00697.jpg,0.3600
00698.jpg,0.4900
00699.jpg,0.4638
00700.jpg,0.5286
00701.jpg,0.4035
00702.jpg,0.6483
00703.jpg,0.3347
00704.jpg,0.7718
00705.jpg,0.7288
00706.jpg,0.4088
00707.jpg,0.6878
00708.jpg,0.2206
00709.jpg,0.6925
00710.jpg,0.7388
00711.jpg,0.7257
00712.jpg,0.0882
00713.jpg,0.5793
00714.jpg,0.7207
00715.jpg,0.5580
00716.jpg,0.7119
00717.jpg,0.8357
00718.jpg,0.8406
00719.jpg,0.4321
00720.jpg,0.4618
00721.jpg,0.6572
00722.jpg,0.3394
00723.jpg,0.2973
00724.jpg,0.3740
00725.jpg,0.5871
00726.jpg,0.2150
00727.jpg,0.4875
00728.jpg,0.4581
00729.jpg,0.6131
00730.jpg,0.5000
00731.jpg,0.3700
00732.jpg,0.5071
00733.jpg,0.5893
00734.jpg,0.8060
00735.jpg,0.2624
00736.jpg,0.8050
00737.jpg,0.2631
00738.jpg,0.6527
00739.jpg,0.6113
00740.jpg,0.6850
00741.jpg,0.3738
00742.jpg,0.4013
00743.jpg,0.6764
00744.jpg,0.2494
00745.jpg,0.3687
00746.jpg,0.3286
00747.jpg,0.3788
00748.jpg,0.3729
00749.jpg,0.3347
00750.jpg,0.3607
00751.jpg,0.2706
00752.jpg,0.2519
00753.jpg,0.6331
00754.jpg,0.3164
00755.jpg,0.2288
00756.jpg,0.2613
00757.jpg,0.4881
00758.jpg,0.3581
00759.jpg,0.5467
00760.jpg,0.4633
00761.jpg,0.6993
00762.jpg,0.3781
00763.jpg,0.7850
00764.jpg,0.6533
00765.jpg,0.6416
00766.jpg,0.6773
00767.jpg,0.2320
00768.jpg,0.5511
00769.jpg,0.6876
00770.jpg,0.3777
00771.jpg,0.2667
00772.jpg,0.3533
00773.jpg,0.1050
00774.jpg,0.4433
00775.jpg,0.4050
00776.jpg,0.3650
00777.jpg,0.7950
00778.jpg,0.4350
00779.jpg,0.5283
00780.jpg,0.7417
00781.jpg,0.5383
00782.jpg,0.8314
00783.jpg,0.4029
00784.jpg,0.5967
00785.jpg,0.6083
00786.jpg,0.4825
00787.jpg,0.6117
00788.jpg,0.6167
00789.jpg,0.7550
00790.jpg,0.3833
00791.jpg,0.7783
00792.jpg,0.7050
00793.jpg,0.6533
00794.jpg,0.6857
00795.jpg,0.6243
00796.jpg,0.2543
00797.jpg,0.1786
00798.jpg,0.4243
00799.jpg,0.7417
00800.jpg,0.4450
00801.jpg,0.6167
00802.jpg,0.2217
00803.jpg,0.7117
00804.jpg,0.2425
00805.jpg,0.7833
00806.jpg,0.7533
00807.jpg,0.3529
00808.jpg,0.7143
00809.jpg,0.6325
00810.jpg,0.2343
00811.jpg,0.5900
00812.jpg,0.6400
00813.jpg,0.2450
00814.jpg,0.7750
00815.jpg,0.6350
00816.jpg,0.4267
00817.jpg,0.3600
00818.jpg,0.2883
00819.jpg,0.3683
00820.jpg,0.7038
00821.jpg,0.6250
00822.jpg,0.5700
00823.jpg,0.8057
00824.jpg,0.2900
00825.jpg,0.3013
00826.jpg,0.2933
00827.jpg,0.2925
00828.jpg,0.4014
00829.jpg,0.5100
00830.jpg,0.2600
00831.jpg,0.8238
00832.jpg,0.7843
00833.jpg,0.8214
00834.jpg,0.4286
00835.jpg,0.1271
00836.jpg,0.3029
00837.jpg,0.1514
00838.jpg,0.2600
00839.jpg,0.2071
00840.jpg,0.4729
00841.jpg,0.2827
00842.jpg,0.2877
00843.jpg,0.2929
00844.jpg,0.3136
00845.jpg,0.7453
00846.jpg,0.4821
00847.jpg,0.5400
00848.jpg,0.5150
00849.jpg,0.7100
00850.jpg,0.6360
00851.jpg,0.3993
00852.jpg,0.3407
00853.jpg,0.4760
00854.jpg,0.2438
00855.jpg,0.4060
00856.jpg,0.5487
00857.jpg,0.6677
00858.jpg,0.5238
00859.jpg,0.6700
00860.jpg,0.5079
00861.jpg,0.7254
00862.jpg,0.2929
00863.jpg,0.6633
00864.jpg,0.3154
00865.jpg,0.5850
00866.jpg,0.7585
00867.jpg,0.6750
00868.jpg,0.6783
00869.jpg,0.4900
00870.jpg,0.5908
00871.jpg,0.7275
00872.jpg,0.1158
00873.jpg,0.4331
00874.jpg,0.6783
00875.jpg,0.2654
00876.jpg,0.6147
00877.jpg,0.6140
00878.jpg,0.2407
00879.jpg,0.5050
00880.jpg,0.3307
00881.jpg,0.4257
00882.jpg,0.6979
00883.jpg,0.1550
00884.jpg,0.8231
00885.jpg,0.2807
00886.jpg,0.4233
00887.jpg,0.4357
00888.jpg,0.2279
00889.jpg,0.2369
00890.jpg,0.2825
00891.jpg,0.3442
00892.jpg,0.6608
00893.jpg,0.6500
00894.jpg,0.3491
00895.jpg,0.7179
00896.jpg,0.2800
00897.jpg,0.2950
00898.jpg,0.6515
00899.jpg,0.5973
00900.jpg,0.3050
00901.jpg,0.5073
00902.jpg,0.3479
00903.jpg,0.2417
00904.jpg,0.6785
00905.jpg,0.5729
00906.jpg,0.2392
00907.jpg,0.7331
00908.jpg,0.4077
00909.jpg,0.2960
00910.jpg,0.2608
00911.jpg,0.3015
00912.jpg,0.5792
00913.jpg,0.7814
00914.jpg,0.8721
00915.jpg,0.5142
00916.jpg,0.6364
00917.jpg,0.5064
00918.jpg,0.4817
00919.jpg,0.7058
00920.jpg,0.4258
00921.jpg,0.7092
00922.jpg,0.6192
00923.jpg,0.3758
00924.jpg,0.4350
00925.jpg,0.1058
00926.jpg,0.2227
00927.jpg,0.2800
00928.jpg,0.3564
00929.jpg,0.6525
00930.jpg,0.4315
00931.jpg,0.7800
00932.jpg,0.3109
00933.jpg,0.4983
00934.jpg,0.4483
00935.jpg,0.4400
00936.jpg,0.6700
00937.jpg,0.3555
00938.jpg,0.6833
00939.jpg,0.8200
00940.jpg,0.4258
00941.jpg,0.7393
00942.jpg,0.7758
00943.jpg,0.7673
00944.jpg,0.5383
00945.jpg,0.4233
00946.jpg,0.3909
00947.jpg,0.7627
00948.jpg,0.8192
00949.jpg,0.6973
00950.jpg,0.5350
00951.jpg,0.3518
00952.jpg,0.3736
00953.jpg,0.3791
00954.jpg,0.2992
00955.jpg,0.7058
00956.jpg,0.4473
00957.jpg,0.6908
00958.jpg,0.4658
00959.jpg,0.5945
00960.jpg,0.3630
00961.jpg,0.3980
00962.jpg,0.7467
00963.jpg,0.3240
00964.jpg,0.7440
00965.jpg,0.6800
00966.jpg,0.6390
00967.jpg,0.4280
00968.jpg,0.6330
00969.jpg,0.5520
00970.jpg,0.6018
00971.jpg,0.3610
00972.jpg,0.7610
00973.jpg,0.4360
00974.jpg,0.4008
00975.jpg,0.6250
00976.jpg,0.5555
00977.jpg,0.3455
00978.jpg,0.6650
00979.jpg,0.3630
00980.jpg,0.4222
00981.jpg,0.2550
00982.jpg,0.2167
00983.jpg,0.2967
00984.jpg,0.4640
00985.jpg,0.7073
00986.jpg,0.5344
00987.jpg,0.1500
00988.jpg,0.1822
00989.jpg,0.2500
00990.jpg,0.7956
00991.jpg,0.2833
00992.jpg,0.5989
00993.jpg,0.3190
00994.jpg,0.5150
00995.jpg,0.5288
00996.jpg,0.1922
00997.jpg,0.7850
00998.jpg,0.2645
00999.jpg,0.8733
01000.jpg,0.5975
01001.jpg,0.8260
01002.jpg,0.6450
01003.jpg,0.4910
01004.jpg,0.1800
01005.jpg,0.3363
01006.jpg,0.4300
01007.jpg,0.6322
01008.jpg,0.6150
01009.jpg,0.3791
01010.jpg,0.5325
01011.jpg,0.3800
01012.jpg,0.1113
01013.jpg,0.3543
01014.jpg,0.1343
01015.jpg,0.7800
01016.jpg,0.3814
01017.jpg,0.7563
01018.jpg,0.5175
01019.jpg,0.1714
01020.jpg,0.3957
01021.jpg,0.3843
01022.jpg,0.3211
01023.jpg,0.3557
01024.jpg,0.3225
01025.jpg,0.7857
01026.jpg,0.5129
01027.jpg,0.5667
01028.jpg,0.7400
01029.jpg,0.2729
01030.jpg,0.6500
01031.jpg,0.4988
01032.jpg,0.6260
01033.jpg,0.3422
01034.jpg,0.2113
01035.jpg,0.8643
01036.jpg,0.7500
01037.jpg,0.7600
01038.jpg,0.4250
01039.jpg,0.2100
01040.jpg,0.3775
01041.jpg,0.7400
01042.jpg,0.6525
01043.jpg,0.6700
01044.jpg,0.3571
01045.jpg,0.7414
01046.jpg,0.3300
01047.jpg,0.6471
01048.jpg,0.4486
01049.jpg,0.0963
01050.jpg,0.6757
01051.jpg,0.7711
01052.jpg,0.2858
01053.jpg,0.7914
01054.jpg,0.2492
01055.jpg,0.4000
01056.jpg,0.2636
01057.jpg,0.3391
01058.jpg,0.7977
01059.jpg,0.6800
01060.jpg,0.4483
01061.jpg,0.4200
01062.jpg,0.8162
01063.jpg,0.5164
01064.jpg,0.4954
01065.jpg,0.7400
01066.jpg,0.8575
01067.jpg,0.4236
01068.jpg,0.5623
01069.jpg,0.2475
01070.jpg,0.8164
01071.jpg,0.4915
01072.jpg,0.3342
01073.jpg,0.6408
01074.jpg,0.2354
01075.jpg,0.4613
01076.jpg,0.3000
01077.jpg,0.7492
01078.jpg,0.6736
01079.jpg,0.4858
01080.jpg,0.4342
01081.jpg,0.8027
01082.jpg,0.5164
01083.jpg,0.8208
01084.jpg,0.7331
01085.jpg,0.5892
01086.jpg,0.3254
01087.jpg,0.4350
01088.jpg,0.8217
01089.jpg,0.5346
01090.jpg,0.6750
01091.jpg,0.5082
01092.jpg,0.2617
01093.jpg,0.6550
01094.jpg,0.3492
01095.jpg,0.4215
01096.jpg,0.7558
01097.jpg,0.6273
01098.jpg,0.7723
01099.jpg,0.6977
01100.jpg,0.5338
01101.jpg,0.2175
01102.jpg,0.7277
01103.jpg,0.7333
01104.jpg,0.7308
01105.jpg,0.7567
01106.jpg,0.4736
01107.jpg,0.7057
01108.jpg,0.7750
01109.jpg,0.6854
01110.jpg,0.3762
01111.jpg,0.7000
01112.jpg,0.3118
01113.jpg,0.7118
01114.jpg,0.4150
01115.jpg,0.3392
01116.jpg,0.2567
01117.jpg,0.2800
01118.jpg,0.6200
01119.jpg,0.1900
01120.jpg,0.4720
01121.jpg,0.7675
01122.jpg,0.7613
01123.jpg,0.3563
01124.jpg,0.3150
01125.jpg,0.6925
01126.jpg,0.4256
01127.jpg,0.5163
01128.jpg,0.5640
01129.jpg,0.4778
01130.jpg,0.6356
01131.jpg,0.4018
01132.jpg,0.5850
01133.jpg,0.6913
01134.jpg,0.6050
01135.jpg,0.4313
01136.jpg,0.5080
01137.jpg,0.5340
01138.jpg,0.3688
01139.jpg,0.3688
01140.jpg,0.1622
01141.jpg,0.6475
01142.jpg,0.5950
01143.jpg,0.3622
01144.jpg,0.2200
01145.jpg,0.7563
01146.jpg,0.2738
01147.jpg,0.2400
01148.jpg,0.3044
01149.jpg,0.7363
01150.jpg,0.6380
01151.jpg,0.6525
01152.jpg,0.7500
01153.jpg,0.5936
01154.jpg,0.6489
01155.jpg,0.2800
01156.jpg,0.3656
01157.jpg,0.3256
01158.jpg,0.6689
01159.jpg,0.5750
01160.jpg,0.3140
01161.jpg,0.3138
01162.jpg,0.5900
01163.jpg,0.3413
01164.jpg,0.5875
01165.jpg,0.6967
01166.jpg,0.4900
01167.jpg,0.3663
01168.jpg,0.3756
01169.jpg,0.2911
01170.jpg,0.3925
01171.jpg,0.5025
01172.jpg,0.6178
01173.jpg,0.7088
01174.jpg,0.2775
01175.jpg,0.2500
01176.jpg,0.6025
01177.jpg,0.5311
01178.jpg,0.4650
01179.jpg,0.6238
01180.jpg,0.4725
01181.jpg,0.3929
01182.jpg,0.8233
01183.jpg,0.6350
01184.jpg,0.6229
01185.jpg,0.2657
01186.jpg,0.2813
01187.jpg,0.7150
01188.jpg,0.3829
01189.jpg,0.2963
01190.jpg,0.6750
01191.jpg,0.8063
01192.jpg,0.4100
01193.jpg,0.4313
01194.jpg,0.5186
01195.jpg,0.6988
01196.jpg,0.4311
01197.jpg,0.5200
01198.jpg,0.6886
01199.jpg,0.2778
01200.jpg,0.4229
01201.jpg,0.0588
01202.jpg,0.8514
01203.jpg,0.2143
01204.jpg,0.4000
01205.jpg,0.5786
01206.jpg,0.2988
01207.jpg,0.7300
01208.jpg,0.4300
01209.jpg,0.8314
01210.jpg,0.6114
01211.jpg,0.4457
01212.jpg,0.2571
01213.jpg,0.6886
01214.jpg,0.3250
01215.jpg,0.3878
01216.jpg,0.3714
01217.jpg,0.3814
01218.jpg,0.1538
01219.jpg,0.7714
01220.jpg,0.4386
01221.jpg,0.6943
01222.jpg,0.3100
01223.jpg,0.2150
01224.jpg,0.3300
01225.jpg,0.2357
01226.jpg,0.0950
01227.jpg,0.1213
01228.jpg,0.6714
01229.jpg,0.3114
01230.jpg,0.8171
01231.jpg,0.1675
01232.jpg,0.4400
01233.jpg,0.6550
01234.jpg,0.8471
01235.jpg,0.8571
01236.jpg,0.4286
01237.jpg,0.6575
01238.jpg,0.3013
01239.jpg,0.2600
01240.jpg,0.6886
01241.jpg,0.1275
01242.jpg,0.3263
01243.jpg,0.4300
01244.jpg,0.4686
01245.jpg,0.3238
01246.jpg,0.7511
01247.jpg,0.4525
01248.jpg,0.4200
01249.jpg,0.3625
01250.jpg,0.2614
01251.jpg,0.5114
01252.jpg,0.2843
01253.jpg,0.4429
01254.jpg,0.2922
01255.jpg,0.4450
01256.jpg,0.2763
01257.jpg,0.8325
01258.jpg,0.5943
01259.jpg,0.5413
01260.jpg,0.7913
01261.jpg,0.3079
01262.jpg,0.3546
01263.jpg,0.7325
01264.jpg,0.6877
01265.jpg,0.6220
01266.jpg,0.7515
01267.jpg,0.7182
01268.jpg,0.6318
01269.jpg,0.8050
01270.jpg,0.7520
01271.jpg,0.5400
01272.jpg,0.3091
01273.jpg,0.0973
01274.jpg,0.7925
01275.jpg,0.4618
01276.jpg,0.6858
01277.jpg,0.6614
01278.jpg,0.7331
01279.jpg,0.4227
01280.jpg,0.4942
01281.jpg,0.7342
01282.jpg,0.4636
01283.jpg,0.3073
01284.jpg,0.3350
01285.jpg,0.6492
01286.jpg,0.2973
01287.jpg,0.5962
01288.jpg,0.7000
01289.jpg,0.4236
01290.jpg,0.1891
01291.jpg,0.8017
01292.jpg,0.6323
01293.jpg,0.5092
01294.jpg,0.4336
01295.jpg,0.3692
01296.jpg,0.4292
01297.jpg,0.1508
01298.jpg,0.4900
01299.jpg,0.4427
01300.jpg,0.7350
01301.jpg,0.7775
01302.jpg,0.7531
01303.jpg,0.3170
01304.jpg,0.6933
01305.jpg,0.7775
01306.jpg,0.2218
01307.jpg,0.2733
01308.jpg,0.7600
01309.jpg,0.7300
01310.jpg,0.2692
01311.jpg,0.1327
01312.jpg,0.1308
01313.jpg,0.6754
01314.jpg,0.5800
01315.jpg,0.4818
01316.jpg,0.2469
01317.jpg,0.7533
01318.jpg,0.4779
01319.jpg,0.5433
01320.jpg,0.6554
01321.jpg,0.7364
01322.jpg,0.4973
01323.jpg,0.7040
01324.jpg,0.7627
01325.jpg,0.4262
01326.jpg,0.7709
01327.jpg,0.6164
01328.jpg,0.7017
01329.jpg,0.4442
01330.jpg,0.3791
01331.jpg,0.2508
01332.jpg,0.4673
01333.jpg,0.1125
01334.jpg,0.8417
01335.jpg,0.5800
01336.jpg,0.2375
01337.jpg,0.7100
01338.jpg,0.6692
01339.jpg,0.8171
01340.jpg,0.3327
01341.jpg,0.4958
01342.jpg,0.5982
01343.jpg,0.0691
01344.jpg,0.8000
01345.jpg,0.6285
01346.jpg,0.3540
01347.jpg,0.5975
01348.jpg,0.6983
01349.jpg,0.3075
01350.jpg,0.7427
01351.jpg,0.4383
01352.jpg,0.7700
01353.jpg,0.5792
01354.jpg,0.6808
01355.jpg,0.6145
01356.jpg,0.8445
01357.jpg,0.8100
01358.jpg,0.7954
01359.jpg,0.5600
01360.jpg,0.2991
01361.jpg,0.2750
01362.jpg,0.3075
01363.jpg,0.7355
01364.jpg,0.3455
01365.jpg,0.8782
01366.jpg,0.5918
01367.jpg,0.6455
01368.jpg,0.3664
01369.jpg,0.7191
01370.jpg,0.5717
01371.jpg,0.6009
01372.jpg,0.4858
01373.jpg,0.7825
01374.jpg,0.7100
01375.jpg,0.4075
01376.jpg,0.8517
01377.jpg,0.4745
01378.jpg,0.7283
01379.jpg,0.8380
01380.jpg,0.3780
01381.jpg,0.6136
01382.jpg,0.6336
01383.jpg,0.6145
01384.jpg,0.4800
01385.jpg,0.7760
01386.jpg,0.5490
01387.jpg,0.3375
01388.jpg,0.3533
01389.jpg,0.5382
01390.jpg,0.4455
01391.jpg,0.6840
01392.jpg,0.1692
01393.jpg,0.7667
01394.jpg,0.8340
01395.jpg,0.4209
01396.jpg,0.7590
01397.jpg,0.7550
01398.jpg,0.1570
01399.jpg,0.2200
01400.jpg,0.2090
01401.jpg,0.3455
01402.jpg,0.3336
01403.jpg,0.3800
01404.jpg,0.7264
01405.jpg,0.3091
01406.jpg,0.4782
01407.jpg,0.7745
01408.jpg,0.7008
01409.jpg,0.5600
01410.jpg,0.6292
01411.jpg,0.1886
01412.jpg,0.4309
01413.jpg,0.3286
01414.jpg,0.5755
01415.jpg,0.6140
01416.jpg,0.5942
01417.jpg,0.6464
01418.jpg,0.5708
01419.jpg,0.5171
01420.jpg,0.4408
01421.jpg,0.7073
01422.jpg,0.7910
01423.jpg,0.5018
01424.jpg,0.4180
01425.jpg,0.3955
01426.jpg,0.3220
01427.jpg,0.7778
01428.jpg,0.2590
01429.jpg,0.2955
01430.jpg,0.2720
01431.jpg,0.7220
01432.jpg,0.3609
01433.jpg,0.3950
01434.jpg,0.4840
01435.jpg,0.6520
01436.jpg,0.4280
01437.jpg,0.7464
01438.jpg,0.3992
01439.jpg,0.3873
01440.jpg,0.7020
01441.jpg,0.7150
01442.jpg,0.4060
01443.jpg,0.6244
01444.jpg,0.2120
01445.jpg,0.4509
01446.jpg,0.3400
01447.jpg,0.5855
01448.jpg,0.6340
01449.jpg,0.7445
01450.jpg,0.3210
01451.jpg,0.1744
01452.jpg,0.6860
01453.jpg,0.7230
01454.jpg,0.1833
01455.jpg,0.3855
01456.jpg,0.2810
01457.jpg,0.1609
01458.jpg,0.2483
01459.jpg,0.7760
01460.jpg,0.6210
01461.jpg,0.6090
01462.jpg,0.5545
01463.jpg,0.7018
01464.jpg,0.6830
01465.jpg,0.2675
01466.jpg,0.7400
01467.jpg,0.5689
01468.jpg,0.4360
01469.jpg,0.7475
01470.jpg,0.2756
01471.jpg,0.8300
01472.jpg,0.5056
01473.jpg,0.4944
01474.jpg,0.2078
01475.jpg,0.4522
01476.jpg,0.1630
01477.jpg,0.5970
01478.jpg,0.3522
01479.jpg,0.6511
01480.jpg,0.5600
01481.jpg,0.7730
01482.jpg,0.2000
01483.jpg,0.4000
01484.jpg,0.4050
01485.jpg,0.3311
01486.jpg,0.8267
01487.jpg,0.7360
01488.jpg,0.2878
01489.jpg,0.3050
01490.jpg,0.7110
01491.jpg,0.5433
01492.jpg,0.4456
01493.jpg,0.2211
01494.jpg,0.1167
01495.jpg,0.8480
01496.jpg,0.6067
01497.jpg,0.5862
01498.jpg,0.6711
01499.jpg,0.5656
01500.jpg,0.7955
01501.jpg,0.6475
01502.jpg,0.2825
01503.jpg,0.2563
01504.jpg,0.7963
01505.jpg,0.8257
01506.jpg,0.4275
01507.jpg,0.5000
01508.jpg,0.7288
01509.jpg,0.5988
01510.jpg,0.7000
01511.jpg,0.2767
01512.jpg,0.7533
01513.jpg,0.7913
01514.jpg,0.2975
01515.jpg,0.5611
01516.jpg,0.2625
01517.jpg,0.8238
01518.jpg,0.4967
01519.jpg,0.7290
01520.jpg,0.4225
01521.jpg,0.7225
01522.jpg,0.6990
01523.jpg,0.6867
01524.jpg,0.5130
01525.jpg,0.6390
01526.jpg,0.3344
01527.jpg,0.3389
01528.jpg,0.3450
01529.jpg,0.2467
01530.jpg,0.8157
01531.jpg,0.8533
01532.jpg,0.2225
01533.jpg,0.2350
01534.jpg,0.4675
01535.jpg,0.4644
01536.jpg,0.5763
01537.jpg,0.4400
01538.jpg,0.5463
01539.jpg,0.4471
01540.jpg,0.8113
01541.jpg,0.3550
01542.jpg,0.2469
01543.jpg,0.5567
01544.jpg,0.6362
01545.jpg,0.6793
01546.jpg,0.6964
01547.jpg,0.5100
01548.jpg,0.6836
01549.jpg,0.2782
01550.jpg,0.7920
01551.jpg,0.7746
01552.jpg,0.3713
01553.jpg,0.5107
01554.jpg,0.3769
01555.jpg,0.6187
01556.jpg,0.6507
01557.jpg,0.8131
01558.jpg,0.7985
01559.jpg,0.6167
01560.jpg,0.2764
01561.jpg,0.6450
01562.jpg,0.3129
01563.jpg,0.3427
01564.jpg,0.8146
01565.jpg,0.7036
01566.jpg,0.7093
01567.jpg,0.6900
01568.jpg,0.6893
01569.jpg,0.5950
01570.jpg,0.4829
01571.jpg,0.2773
01572.jpg,0.2117
01573.jpg,0.6423
01574.jpg,0.6193
01575.jpg,0.5869
01576.jpg,0.7560
01577.jpg,0.2981
01578.jpg,0.2838
01579.jpg,0.3280
01580.jpg,0.3043
01581.jpg,0.6129
01582.jpg,0.1500
01583.jpg,0.6079
01584.jpg,0.4231
01585.jpg,0.6769
01586.jpg,0.6100
01587.jpg,0.7300
01588.jpg,0.7175
01589.jpg,0.5771
01590.jpg,0.7700
01591.jpg,0.7133
01592.jpg,0.3575
01593.jpg,0.7187
01594.jpg,0.2108
01595.jpg,0.6014
01596.jpg,0.6236
01597.jpg,0.7100
01598.jpg,0.5875
01599.jpg,0.3700
01600.jpg,0.2686
01601.jpg,0.2947
01602.jpg,0.4508
01603.jpg,0.7581
01604.jpg,0.6307
01605.jpg,0.3253
01606.jpg,0.4531
01607.jpg,0.1000
01608.jpg,0.2358
01609.jpg,0.2823
01610.jpg,0.7300
01611.jpg,0.1977
01612.jpg,0.2650
01613.jpg,0.5064
01614.jpg,0.6420
01615.jpg,0.8050
01616.jpg,0.5220
01617.jpg,0.1782
01618.jpg,0.2982
01619.jpg,0.6755
01620.jpg,0.4217
01621.jpg,0.6440
01622.jpg,0.3200
01623.jpg,0.6482
01624.jpg,0.2515
01625.jpg,0.2660
01626.jpg,0.3733
01627.jpg,0.7355
01628.jpg,0.6410
01629.jpg,0.6855
01630.jpg,0.4373
01631.jpg,0.6100
01632.jpg,0.3533
01633.jpg,0.4267
01634.jpg,0.0610
01635.jpg,0.7300
01636.jpg,0.7700
01637.jpg,0.7600
01638.jpg,0.8267
01639.jpg,0.3040
01640.jpg,0.2520
01641.jpg,0.7811
01642.jpg,0.3844
01643.jpg,0.3018
01644.jpg,0.1520
01645.jpg,0.2422
01646.jpg,0.6956
01647.jpg,0.4233
01648.jpg,0.7450
01649.jpg,0.2991
01650.jpg,0.3700
01651.jpg,0.2578
01652.jpg,0.1650
01653.jpg,0.1890
01654.jpg,0.2570
01655.jpg,0.2700
01656.jpg,0.6600
01657.jpg,0.4363
01658.jpg,0.3656
01659.jpg,0.3119
01660.jpg,0.4657
01661.jpg,0.6180
01662.jpg,0.3200
01663.jpg,0.4613
01664.jpg,0.1070
01665.jpg,0.6544
01666.jpg,0.3325
01667.jpg,0.5388
01668.jpg,0.3125
01669.jpg,0.3688
01670.jpg,0.7711
01671.jpg,0.7856
01672.jpg,0.3100
01673.jpg,0.4222
01674.jpg,0.5188
01675.jpg,0.8575
01676.jpg,0.4691
01677.jpg,0.2957
01678.jpg,0.7278
01679.jpg,0.2500
01680.jpg,0.7400
01681.jpg,0.7789
01682.jpg,0.3313
01683.jpg,0.6600
01684.jpg,0.5988
01685.jpg,0.7213
01686.jpg,0.4313
01687.jpg,0.2778
01688.jpg,0.3338
01689.jpg,0.8438
01690.jpg,0.2038
01691.jpg,0.7720
01692.jpg,0.3738
01693.jpg,0.6473
01694.jpg,0.4775
01695.jpg,0.7150
01696.jpg,0.4975
01697.jpg,0.3378
01698.jpg,0.6788
01699.jpg,0.4711
01700.jpg,0.7725
01701.jpg,0.3950
01702.jpg,0.2100
01703.jpg,0.5011
01704.jpg,0.4250
01705.jpg,0.4244
01706.jpg,0.5489
01707.jpg,0.6600
01708.jpg,0.7367
01709.jpg,0.3089
01710.jpg,0.1475
01711.jpg,0.6070
01712.jpg,0.6075
01713.jpg,0.7025
01714.jpg,0.6570
01715.jpg,0.4500
01716.jpg,0.6150
01717.jpg,0.6986
01718.jpg,0.4356
01719.jpg,0.5570
01720.jpg,0.6356
01721.jpg,0.7300
01722.jpg,0.3370
01723.jpg,0.7857
01724.jpg,0.7088
01725.jpg,0.3988
01726.jpg,0.2014
01727.jpg,0.3644
01728.jpg,0.4622
01729.jpg,0.5488
01730.jpg,0.3567
01731.jpg,0.5250
01732.jpg,0.6089
01733.jpg,0.3375
01734.jpg,0.3356
01735.jpg,0.7225
01736.jpg,0.4550
01737.jpg,0.3600
01738.jpg,0.4713
01739.jpg,0.7989
01740.jpg,0.5538
01741.jpg,0.5113
01742.jpg,0.3200
01743.jpg,0.6711
01744.jpg,0.7386
01745.jpg,0.3875
01746.jpg,0.6663
01747.jpg,0.6663
01748.jpg,0.3078
01749.jpg,0.0750
01750.jpg,0.4200
01751.jpg,0.2023
01752.jpg,0.6014
01753.jpg,0.6629
01754.jpg,0.6157
01755.jpg,0.5560
01756.jpg,0.5992
01757.jpg,0.7100
01758.jpg,0.5733
01759.jpg,0.6838
01760.jpg,0.6462
01761.jpg,0.5293
01762.jpg,0.2154
01763.jpg,0.2364
01764.jpg,0.6700
01765.jpg,0.5367
01766.jpg,0.7767
01767.jpg,0.7833
01768.jpg,0.3914
01769.jpg,0.7423
01770.jpg,0.2385
01771.jpg,0.2607
01772.jpg,0.4183
01773.jpg,0.6838
01774.jpg,0.6221
01775.jpg,0.4992
01776.jpg,0.6923
01777.jpg,0.3462
01778.jpg,0.7133
01779.jpg,0.7058
01780.jpg,0.6857
01781.jpg,0.6629
01782.jpg,0.6423
01783.jpg,0.3007
01784.jpg,0.2500
01785.jpg,0.3838
01786.jpg,0.8050
01787.jpg,0.6579
01788.jpg,0.1877
01789.jpg,0.3814
01790.jpg,0.6192
01791.jpg,0.7454
01792.jpg,0.4815
01793.jpg,0.5885
01794.jpg,0.8038
01795.jpg,0.6473
01796.jpg,0.3238
01797.jpg,0.6000
01798.jpg,0.4471
01799.jpg,0.6662
01800.jpg,0.3600
01801.jpg,0.7233
01802.jpg,0.5533
01803.jpg,0.4654
01804.jpg,0.7162
01805.jpg,0.6785
01806.jpg,0.1962
01807.jpg,0.1500
01808.jpg,0.6454
01809.jpg,0.3025
01810.jpg,0.2792
01811.jpg,0.3993
01812.jpg,0.4667
01813.jpg,0.6643
01814.jpg,0.4408
01815.jpg,0.6467
01816.jpg,0.6806
01817.jpg,0.6233
01818.jpg,0.6521
01819.jpg,0.6846
01820.jpg,0.2617
01821.jpg,0.2760
01822.jpg,0.4120
01823.jpg,0.8300
01824.jpg,0.6292
01825.jpg,0.1809
01826.jpg,0.4456
01827.jpg,0.2550
01828.jpg,0.1760
01829.jpg,0.6650
01830.jpg,0.4900
01831.jpg,0.3811
01832.jpg,0.7809
01833.jpg,0.7410
01834.jpg,0.4367
01835.jpg,0.3823
01836.jpg,0.4067
01837.jpg,0.5236
01838.jpg,0.5022
01839.jpg,0.3218
01840.jpg,0.3380
01841.jpg,0.7870
01842.jpg,0.7050
01843.jpg,0.8155
01844.jpg,0.2020
01845.jpg,0.7300
01846.jpg,0.4191
01847.jpg,0.7122
01848.jpg,0.2360
01849.jpg,0.3075
01850.jpg,0.5178
01851.jpg,0.7256
01852.jpg,0.7100
01853.jpg,0.7417
01854.jpg,0.8445
01855.jpg,0.3480
01856.jpg,0.7010
01857.jpg,0.1610
01858.jpg,0.6718
01859.jpg,0.3378
01860.jpg,0.1650
01861.jpg,0.1463
01862.jpg,0.7100
01863.jpg,0.2550
01864.jpg,0.8713
01865.jpg,0.5178
01866.jpg,0.5225
01867.jpg,0.6380
01868.jpg,0.5267
01869.jpg,0.6760
01870.jpg,0.4082
01871.jpg,0.4370
01872.jpg,0.2660
01873.jpg,0.4730
01874.jpg,0.2790
01875.jpg,0.1818
01876.jpg,0.2300
01877.jpg,0.5145
01878.jpg,0.2389
01879.jpg,0.5590
01880.jpg,0.8180
01881.jpg,0.7267
01882.jpg,0.7908
01883.jpg,0.5960
01884.jpg,0.5513
01885.jpg,0.6350
01886.jpg,0.2036
01887.jpg,0.8055
01888.jpg,0.5633
01889.jpg,0.2175
01890.jpg,0.6338
01891.jpg,0.7210
01892.jpg,0.3644
01893.jpg,0.4422
01894.jpg,0.6844
01895.jpg,0.6144
01896.jpg,0.2991
01897.jpg,0.1389
01898.jpg,0.4900
01899.jpg,0.2589
01900.jpg,0.5478
01901.jpg,0.4478
01902.jpg,0.6456
01903.jpg,0.1700
01904.jpg,0.2833
01905.jpg,0.6000
01906.jpg,0.7733
01907.jpg,0.7856
01908.jpg,0.2522
01909.jpg,0.5911
01910.jpg,0.2967
01911.jpg,0.2833
01912.jpg,0.0813
01913.jpg,0.3025
01914.jpg,0.7256
01915.jpg,0.2389
01916.jpg,0.3122
01917.jpg,0.8067
01918.jpg,0.2963
01919.jpg,0.2030
01920.jpg,0.8056
01921.jpg,0.2660
01922.jpg,0.7790
01923.jpg,0.2690
01924.jpg,0.2700
01925.jpg,0.8367
01926.jpg,0.4200
01927.jpg,0.6460
01928.jpg,0.2633
01929.jpg,0.1778
01930.jpg,0.8322
01931.jpg,0.7700
01932.jpg,0.4545
01933.jpg,0.7390
01934.jpg,0.6733
01935.jpg,0.2611
01936.jpg,0.8244
01937.jpg,0.1900
01938.jpg,0.7210
01939.jpg,0.6111
01940.jpg,0.7589
01941.jpg,0.7111
01942.jpg,0.8711
01943.jpg,0.5422
01944.jpg,0.6900
01945.jpg,0.1767
01946.jpg,0.4567
01947.jpg,0.7700
01948.jpg,0.2378
01949.jpg,0.5556
01950.jpg,0.3222
01951.jpg,0.3240
01952.jpg,0.2889
01953.jpg,0.6467
01954.jpg,0.7230
01955.jpg,0.4250
01956.jpg,0.7330
01957.jpg,0.6667
01958.jpg,0.1211
01959.jpg,0.1511
01960.jpg,0.7233
01961.jpg,0.6010
01962.jpg,0.3060
01963.jpg,0.7330
01964.jpg,0.7289
01965.jpg,0.5882
01966.jpg,0.2745
01967.jpg,0.6320
01968.jpg,0.5020
01969.jpg,0.4922
01970.jpg,0.6560
01971.jpg,0.7120
01972.jpg,0.6340
01973.jpg,0.2856
01974.jpg,0.4940
01975.jpg,0.5150
01976.jpg,0.4200
01977.jpg,0.3191
01978.jpg,0.2990
01979.jpg,0.5245
01980.jpg,0.6780
01981.jpg,0.6700
01982.jpg,0.6200
01983.jpg,0.4030
01984.jpg,0.7400
01985.jpg,0.4311
01986.jpg,0.4189
01987.jpg,0.7200
01988.jpg,0.7100
01989.jpg,0.4570
01990.jpg,0.2791
01991.jpg,0.5780
01992.jpg,0.3091
01993.jpg,0.2691
01994.jpg,0.7030
01995.jpg,0.6127
01996.jpg,0.4836
01997.jpg,0.5389
01998.jpg,0.5120
01999.jpg,0.7770
02000.jpg,0.3436
02001.jpg,0.2909
02002.jpg,0.3210
02003.jpg,0.1800
02004.jpg,0.6892
02005.jpg,0.7138
02006.jpg,0.3127
02007.jpg,0.4000
02008.jpg,0.3636
02009.jpg,0.6840
02010.jpg,0.6170
02011.jpg,0.6100
02012.jpg,0.3880
02013.jpg,0.7600
02014.jpg,0.5436
02015.jpg,0.1890
02016.jpg,0.5382
02017.jpg,0.5970
02018.jpg,0.2060
02019.jpg,0.2878
02020.jpg,0.6822
02021.jpg,0.7822
02022.jpg,0.3290
02023.jpg,0.5250
02024.jpg,0.5670
02025.jpg,0.7533
02026.jpg,0.6342
02027.jpg,0.2670
02028.jpg,0.2489
02029.jpg,0.5967
02030.jpg,0.6420
02031.jpg,0.4100
02032.jpg,0.3729
02033.jpg,0.3013
02034.jpg,0.6613
02035.jpg,0.3671
02036.jpg,0.5757
02037.jpg,0.5557
02038.jpg,0.3400
02039.jpg,0.5500
02040.jpg,0.2313
02041.jpg,0.5663
02042.jpg,0.4129
02043.jpg,0.3500
02044.jpg,0.3600
02045.jpg,0.3500
02046.jpg,0.4229
02047.jpg,0.3129
02048.jpg,0.2471
02049.jpg,0.6471
02050.jpg,0.2625
02051.jpg,0.2063
02052.jpg,0.2400
02053.jpg,0.7614
02054.jpg,0.5013
02055.jpg,0.5700
02056.jpg,0.4429
02057.jpg,0.5157
02058.jpg,0.3213
02059.jpg,0.1600
02060.jpg,0.5713
02061.jpg,0.5763
02062.jpg,0.5486
02063.jpg,0.2771
02064.jpg,0.3300
02065.jpg,0.6243
02066.jpg,0.2043
02067.jpg,0.3857
02068.jpg,0.3571
02069.jpg,0.5888
02070.jpg,0.6238
02071.jpg,0.7471
02072.jpg,0.6629
02073.jpg,0.5371
02074.jpg,0.6186
02075.jpg,0.3763
02076.jpg,0.4843
02077.jpg,0.3514
02078.jpg,0.3857
02079.jpg,0.5588
02080.jpg,0.4986
02081.jpg,0.3488
02082.jpg,0.6225
02083.jpg,0.4129
02084.jpg,0.3775
02085.jpg,0.7263
02086.jpg,0.7456
02087.jpg,0.5350
02088.jpg,0.4322
02089.jpg,0.4643
02090.jpg,0.7113
02091.jpg,0.5375
02092.jpg,0.2356
02093.jpg,0.2371
02094.jpg,0.5975
02095.jpg,0.2400
02096.jpg,0.6643
02097.jpg,0.2400
02098.jpg,0.2400
02099.jpg,0.4025
02100.jpg,0.1786
02101.jpg,0.3750
02102.jpg,0.2771
02103.jpg,0.1521
02104.jpg,0.4450
02105.jpg,0.2708
02106.jpg,0.4367
02107.jpg,0.8187
02108.jpg,0.7943
02109.jpg,0.1764
02110.jpg,0.7340
02111.jpg,0.2962
02112.jpg,0.5671
02113.jpg,0.2600
02114.jpg,0.3723
02115.jpg,0.4106
02116.jpg,0.3071
02117.jpg,0.5462
02118.jpg,0.6057
02119.jpg,0.6314
02120.jpg,0.7331
02121.jpg,0.5353
02122.jpg,0.6164
02123.jpg,0.1517
02124.jpg,0.6638
02125.jpg,0.1693
02126.jpg,0.1425
02127.jpg,0.6550
02128.jpg,0.7788
02129.jpg,0.7800
02130.jpg,0.2231
02131.jpg,0.1659
02132.jpg,0.7254
02133.jpg,0.5300
02134.jpg,0.7467
02135.jpg,0.5207
02136.jpg,0.3546
02137.jpg,0.4879
02138.jpg,0.3957
02139.jpg,0.5793
02140.jpg,0.3054
02141.jpg,0.1771
02142.jpg,0.4938
02143.jpg,0.2731
02144.jpg,0.3385
02145.jpg,0.3669
02146.jpg,0.2185
02147.jpg,0.2569
02148.jpg,0.6331
02149.jpg,0.2808
02150.jpg,0.2875
02151.jpg,0.5493
02152.jpg,0.4446
02153.jpg,0.7167
02154.jpg,0.8147
02155.jpg,0.8329
02156.jpg,0.6240
02157.jpg,0.1792
02158.jpg,0.6669
02159.jpg,0.3536
02160.jpg,0.6900
02161.jpg,0.3431
02162.jpg,0.3747
02163.jpg,0.3738
02164.jpg,0.2092
02165.jpg,0.7142
02166.jpg,0.4185
02167.jpg,0.7371
02168.jpg,0.7492
02169.jpg,0.6517
02170.jpg,0.7775
02171.jpg,0.6843
02172.jpg,0.6450
02173.jpg,0.5800
02174.jpg,0.5383
02175.jpg,0.3833
02176.jpg,0.3583
02177.jpg,0.5457
02178.jpg,0.3643
02179.jpg,0.8083
02180.jpg,0.8250
02181.jpg,0.5967
02182.jpg,0.1717
02183.jpg,0.3456
02184.jpg,0.2000
02185.jpg,0.2586
02186.jpg,0.6550
02187.jpg,0.8456
02188.jpg,0.1767
02189.jpg,0.2667
02190.jpg,0.3500
02191.jpg,0.2800
02192.jpg,0.4457
02193.jpg,0.4886
02194.jpg,0.6143
02195.jpg,0.7167
02196.jpg,0.6917
02197.jpg,0.4800
02198.jpg,0.2950
02199.jpg,0.2400
02200.jpg,0.5443
02201.jpg,0.2683
02202.jpg,0.3833
02203.jpg,0.3350
02204.jpg,0.1643
02205.jpg,0.2486
02206.jpg,0.6971
02207.jpg,0.5967
02208.jpg,0.7450
02209.jpg,0.8043
02210.jpg,0.7917
02211.jpg,0.1567
02212.jpg,0.6243
02213.jpg,0.2171
02214.jpg,0.5650
02215.jpg,0.5367
02216.jpg,0.3933
02217.jpg,0.7900
02218.jpg,0.7417
02219.jpg,0.4867
02220.jpg,0.4129
02221.jpg,0.5600
02222.jpg,0.4471
02223.jpg,0.3150
02224.jpg,0.7571
02225.jpg,0.7771
02226.jpg,0.3333
02227.jpg,0.7167
02228.jpg,0.4286
02229.jpg,0.3367
02230.jpg,0.3843
02231.jpg,0.2500
02232.jpg,0.6100
02233.jpg,0.5575
02234.jpg,0.6425
02235.jpg,0.5275
02236.jpg,0.4825
02237.jpg,0.6500
02238.jpg,0.4225
02239.jpg,0.6400
02240.jpg,0.5950
02241.jpg,0.7350
02242.jpg,0.5500
02243.jpg,0.1410
02244.jpg,0.7310
02245.jpg,0.2690
02246.jpg,0.3660
02247.jpg,0.2140
02248.jpg,0.1656
02249.jpg,0.2210
02250.jpg,0.7622
02251.jpg,0.5090
02252.jpg,0.4027
02253.jpg,0.1711
02254.jpg,0.5178
02255.jpg,0.7022
02256.jpg,0.3473
02257.jpg,0.7567
02258.jpg,0.2680
02259.jpg,0.6422
02260.jpg,0.5889
02261.jpg,0.6209
02262.jpg,0.2700
02263.jpg,0.3022
02264.jpg,0.5440
02265.jpg,0.3563
02266.jpg,0.1980
02267.jpg,0.6788
02268.jpg,0.4027
02269.jpg,0.6200
02270.jpg,0.1122
02271.jpg,0.6210
02272.jpg,0.2382
02273.jpg,0.7656
02274.jpg,0.7483
02275.jpg,0.4211
02276.jpg,0.5822
02277.jpg,0.5140
02278.jpg,0.1900
02279.jpg,0.5840
02280.jpg,0.1489
02281.jpg,0.2644
02282.jpg,0.6640
02283.jpg,0.2880
02284.jpg,0.6144
02285.jpg,0.1370
02286.jpg,0.3822
02287.jpg,0.2389
02288.jpg,0.1489
02289.jpg,0.7975
02290.jpg,0.3000
02291.jpg,0.2822
02292.jpg,0.6244
02293.jpg,0.6460
02294.jpg,0.2025
02295.jpg,0.2300
02296.jpg,0.2370
02297.jpg,0.7250
02298.jpg,0.1200
02299.jpg,0.6756
02300.jpg,0.2400
02301.jpg,0.5350
02302.jpg,0.4300
02303.jpg,0.6975
02304.jpg,0.4867
02305.jpg,0.5744
02306.jpg,0.6550
02307.jpg,0.6175
02308.jpg,0.4356
02309.jpg,0.6900
02310.jpg,0.5990
02311.jpg,0.7209
02312.jpg,0.7769
02313.jpg,0.3727
02314.jpg,0.3740
02315.jpg,0.7130
02316.jpg,0.3230
02317.jpg,0.3160
02318.jpg,0.6011
02319.jpg,0.3660
02320.jpg,0.8164
02321.jpg,0.2930
02322.jpg,0.7682
02323.jpg,0.7718
02324.jpg,0.7655
02325.jpg,0.4200
02326.jpg,0.2922
02327.jpg,0.3830
02328.jpg,0.4111
02329.jpg,0.8125
02330.jpg,0.6810
02331.jpg,0.3650
02332.jpg,0.3290
02333.jpg,0.6155
02334.jpg,0.4100
02335.jpg,0.4500
02336.jpg,0.7100
02337.jpg,0.3190
02338.jpg,0.2900
02339.jpg,0.6682
02340.jpg,0.8210
02341.jpg,0.8060
02342.jpg,0.3755
02343.jpg,0.4870
02344.jpg,0.8200
02345.jpg,0.7740
02346.jpg,0.6610
02347.jpg,0.7740
02348.jpg,0.6710
02349.jpg,0.4700
02350.jpg,0.8200
02351.jpg,0.8030
02352.jpg,0.7740
02353.jpg,0.8420
02354.jpg,0.5180
02355.jpg,0.7540
02356.jpg,0.6810
02357.jpg,0.3730
02358.jpg,0.2390
02359.jpg,0.7930
02360.jpg,0.1620
02361.jpg,0.3500
02362.jpg,0.2400
02363.jpg,0.6910
02364.jpg,0.7720
02365.jpg,0.2678
02366.jpg,0.6564
02367.jpg,0.4100
02368.jpg,0.4518
02369.jpg,0.4360
02370.jpg,0.7950
02371.jpg,0.6480
02372.jpg,0.8570
02373.jpg,0.3530
02374.jpg,0.3570
02375.jpg,0.7973
02376.jpg,0.6660
02377.jpg,0.7440
02378.jpg,0.7500
02379.jpg,0.8391
02380.jpg,0.4244
02381.jpg,0.2020
02382.jpg,0.4575
02383.jpg,0.7567
02384.jpg,0.2667
02385.jpg,0.7300
02386.jpg,0.5075
02387.jpg,0.3164
02388.jpg,0.8417
02389.jpg,0.5390
02390.jpg,0.5882
02391.jpg,0.3346
02392.jpg,0.7475
02393.jpg,0.4842
02394.jpg,0.7490
02395.jpg,0.2680
02396.jpg,0.2322
02397.jpg,0.1544
02398.jpg,0.6567
02399.jpg,0.2533
02400.jpg,0.5950
02401.jpg,0.5475
02402.jpg,0.6022
02403.jpg,0.2890
02404.jpg,0.6456
02405.jpg,0.3360
02406.jpg,0.6850
02407.jpg,0.7663
02408.jpg,0.6011
02409.jpg,0.3600
02410.jpg,0.5238
02411.jpg,0.4790
02412.jpg,0.6622
02413.jpg,0.1080
02414.jpg,0.5878
02415.jpg,0.7930
02416.jpg,0.4175
02417.jpg,0.7588
02418.jpg,0.6889
02419.jpg,0.1567
02420.jpg,0.7986
02421.jpg,0.8088
02422.jpg,0.2544
02423.jpg,0.6925
02424.jpg,0.3970
02425.jpg,0.2170
02426.jpg,0.7650
02427.jpg,0.7688
02428.jpg,0.3950
02429.jpg,0.5325
02430.jpg,0.1610
02431.jpg,0.1514
02432.jpg,0.5775
02433.jpg,0.6267
02434.jpg,0.1890
02435.jpg,0.1833
02436.jpg,0.2300
02437.jpg,0.7414
02438.jpg,0.2056
02439.jpg,0.1938
02440.jpg,0.3800
02441.jpg,0.6089
02442.jpg,0.3400
02443.jpg,0.8056
02444.jpg,0.6938
02445.jpg,0.3144
02446.jpg,0.5170
02447.jpg,0.5275
02448.jpg,0.4025
02449.jpg,0.2163
02450.jpg,0.5800
02451.jpg,0.2850
02452.jpg,0.8725
02453.jpg,0.6258
02454.jpg,0.2882
02455.jpg,0.5090
02456.jpg,0.2691
02457.jpg,0.2710
02458.jpg,0.7111
02459.jpg,0.8300
02460.jpg,0.3491
02461.jpg,0.3955
02462.jpg,0.2430
02463.jpg,0.3870
02464.jpg,0.7450
02465.jpg,0.1273
02466.jpg,0.3270
02467.jpg,0.6310
02468.jpg,0.2340
02469.jpg,0.7209
02470.jpg,0.5010
02471.jpg,0.3060
02472.jpg,0.1367
02473.jpg,0.2933
02474.jpg,0.6782
02475.jpg,0.4136
02476.jpg,0.4060
02477.jpg,0.6691
02478.jpg,0.4200
02479.jpg,0.8600
02480.jpg,0.6060
02481.jpg,0.1890
02482.jpg,0.7010
02483.jpg,0.2650
02484.jpg,0.6838
02485.jpg,0.6009
02486.jpg,0.4990
02487.jpg,0.6980
02488.jpg,0.1160
02489.jpg,0.7255
02490.jpg,0.7145
02491.jpg,0.5492
02492.jpg,0.7090
02493.jpg,0.3280
02494.jpg,0.2817
02495.jpg,0.3309
02496.jpg,0.7920
02497.jpg,0.2650
02498.jpg,0.6482
02499.jpg,0.1700
02500.jpg,0.8000
02501.jpg,0.5010
02502.jpg,0.6673
02503.jpg,0.8425
02504.jpg,0.5444
02505.jpg,0.6450
02506.jpg,0.3422
02507.jpg,0.1990
02508.jpg,0.7933
02509.jpg,0.2300
02510.jpg,0.2160
02511.jpg,0.8033
02512.jpg,0.3490
02513.jpg,0.6211
02514.jpg,0.2800
02515.jpg,0.2589
02516.jpg,0.3240
02517.jpg,0.3133
02518.jpg,0.2733
02519.jpg,0.1973
02520.jpg,0.3125
02521.jpg,0.6618
02522.jpg,0.5600
02523.jpg,0.4410
02524.jpg,0.5855
02525.jpg,0.4456
02526.jpg,0.3127
02527.jpg,0.3560
02528.jpg,0.7550
02529.jpg,0.4923
02530.jpg,0.6367
02531.jpg,0.6336
02532.jpg,0.3840
02533.jpg,0.8567
02534.jpg,0.3140
02535.jpg,0.5973
02536.jpg,0.6144
02537.jpg,0.7300
02538.jpg,0.7356
02539.jpg,0.8727
02540.jpg,0.4664
02541.jpg,0.3767
02542.jpg,0.2111
02543.jpg,0.1489
02544.jpg,0.1609
02545.jpg,0.5882
02546.jpg,0.4092
02547.jpg,0.3745
02548.jpg,0.3336
02549.jpg,0.7644
02550.jpg,0.3900
02551.jpg,0.5620
02552.jpg,0.4660
02553.jpg,0.2488
02554.jpg,0.2018
02555.jpg,0.6075
02556.jpg,0.5740
02557.jpg,0.5475
02558.jpg,0.6944
02559.jpg,0.6711
02560.jpg,0.6178
02561.jpg,0.7167
02562.jpg,0.3056
02563.jpg,0.8056
02564.jpg,0.7410
02565.jpg,0.4740
02566.jpg,0.3611
02567.jpg,0.6392
02568.jpg,0.3020
02569.jpg,0.2800
02570.jpg,0.5440
02571.jpg,0.5380
02572.jpg,0.2920
02573.jpg,0.0875
02574.jpg,0.5400
02575.jpg,0.5445
02576.jpg,0.3356
02577.jpg,0.5570
02578.jpg,0.4227
02579.jpg,0.4233
02580.jpg,0.3450
02581.jpg,0.7425
02582.jpg,0.4167
02583.jpg,0.3211
02584.jpg,0.6173
02585.jpg,0.7658
02586.jpg,0.3450
02587.jpg,0.2467
02588.jpg,0.6600
02589.jpg,0.0873
02590.jpg,0.2609
02591.jpg,0.1955
02592.jpg,0.3755
02593.jpg,0.6418
02594.jpg,0.2720
02595.jpg,0.5727
02596.jpg,0.7360
02597.jpg,0.3727
02598.jpg,0.4022
02599.jpg,0.6430
02600.jpg,0.6780
02601.jpg,0.7610
02602.jpg,0.2820
02603.jpg,0.1000
02604.jpg,0.1400
02605.jpg,0.6960
02606.jpg,0.2830
02607.jpg,0.4200
02608.jpg,0.5190
02609.jpg,0.3010
02610.jpg,0.7600
02611.jpg,0.5020
02612.jpg,0.6173
02613.jpg,0.3764
02614.jpg,0.6292
02615.jpg,0.5930
02616.jpg,0.6591
02617.jpg,0.5400
02618.jpg,0.7467
02619.jpg,0.3730
02620.jpg,0.3456
02621.jpg,0.7256
02622.jpg,0.6220
02623.jpg,0.5000
02624.jpg,0.6310
02625.jpg,0.7336
02626.jpg,0.6823
02627.jpg,0.4644
02628.jpg,0.4870
02629.jpg,0.7150
02630.jpg,0.7683
02631.jpg,0.5130
02632.jpg,0.6364
02633.jpg,0.6960
02634.jpg,0.4591
02635.jpg,0.6680
02636.jpg,0.6927
02637.jpg,0.2160
02638.jpg,0.6410
02639.jpg,0.3508
02640.jpg,0.2980
02641.jpg,0.2370
02642.jpg,0.6636
02643.jpg,0.4410
02644.jpg,0.2820
02645.jpg,0.6133
02646.jpg,0.7360
02647.jpg,0.5500
02648.jpg,0.2900
02649.jpg,0.3555
02650.jpg,0.2500
02651.jpg,0.2733
02652.jpg,0.3164
02653.jpg,0.3340
02654.jpg,0.2422
02655.jpg,0.6082
02656.jpg,0.7420
02657.jpg,0.6667
02658.jpg,0.5678
02659.jpg,0.2727
02660.jpg,0.7580
02661.jpg,0.7692
02662.jpg,0.6567
02663.jpg,0.4615
02664.jpg,0.8060
02665.jpg,0.6086
02666.jpg,0.6371
02667.jpg,0.2379
02668.jpg,0.2843
02669.jpg,0.8492
02670.jpg,0.7514
02671.jpg,0.4829
02672.jpg,0.3107
02673.jpg,0.8479
02674.jpg,0.5636
02675.jpg,0.7350
02676.jpg,0.4023
02677.jpg,0.7000
02678.jpg,0.5646
02679.jpg,0.6957
02680.jpg,0.7362
02681.jpg,0.4320
02682.jpg,0.6729
02683.jpg,0.3815
02684.jpg,0.7527
02685.jpg,0.7167
02686.jpg,0.3500
02687.jpg,0.4264
02688.jpg,0.5286
02689.jpg,0.6721
02690.jpg,0.7015
02691.jpg,0.3843
02692.jpg,0.3107
02693.jpg,0.6493
02694.jpg,0.3407
02695.jpg,0.3560
02696.jpg,0.6679
02697.jpg,0.7279
02698.jpg,0.4371
02699.jpg,0.5569
02700.jpg,0.6569
02701.jpg,0.3014
02702.jpg,0.6723
02703.jpg,0.7129
02704.jpg,0.2860
02705.jpg,0.3454
02706.jpg,0.6164
02707.jpg,0.6643
02708.jpg,0.2308
02709.jpg,0.2007
02710.jpg,0.2329
02711.jpg,0.6908
02712.jpg,0.7073
02713.jpg,0.7823
02714.jpg,0.2346
02715.jpg,0.7136
02716.jpg,0.3246
02717.jpg,0.5715
02718.jpg,0.5900
02719.jpg,0.3271
02720.jpg,0.4362
02721.jpg,0.6615
02722.jpg,0.4425
02723.jpg,0.3883
02724.jpg,0.5358
02725.jpg,0.6243
02726.jpg,0.5253
02727.jpg,0.3777
02728.jpg,0.4308
02729.jpg,0.6423
02730.jpg,0.7092
02731.jpg,0.4900
02732.jpg,0.5743
02733.jpg,0.5974
02734.jpg,0.2377
02735.jpg,0.4516
02736.jpg,0.5403
02737.jpg,0.5607
02738.jpg,0.4631
02739.jpg,0.1348
02740.jpg,0.5603
02741.jpg,0.4227
02742.jpg,0.1227
02743.jpg,0.1407
02744.jpg,0.2663
02745.jpg,0.6355
02746.jpg,0.7100
02747.jpg,0.6044
02748.jpg,0.5516
02749.jpg,0.7190
02750.jpg,0.3966
02751.jpg,0.7083
02752.jpg,0.6797
02753.jpg,0.4748
02754.jpg,0.4310
02755.jpg,0.2814
02756.jpg,0.1423
02757.jpg,0.2453
02758.jpg,0.3013
02759.jpg,0.2960
02760.jpg,0.2470
02761.jpg,0.2456
02762.jpg,0.6550
02763.jpg,0.7200
02764.jpg,0.6563
02765.jpg,0.6072
02766.jpg,0.3456
02767.jpg,0.3419
02768.jpg,0.3896
02769.jpg,0.4836
02770.jpg,0.4014
02771.jpg,0.3695
02772.jpg,0.2388
02773.jpg,0.4122
02774.jpg,0.6059
02775.jpg,0.4300
02776.jpg,0.6356
02777.jpg,0.7663
02778.jpg,0.5063
02779.jpg,0.3753
02780.jpg,0.4680
02781.jpg,0.6524
02782.jpg,0.4071
02783.jpg,0.2707
02784.jpg,0.6229
02785.jpg,0.6907
02786.jpg,0.7233
02787.jpg,0.5957
02788.jpg,0.7913
02789.jpg,0.6771
02790.jpg,0.6750
02791.jpg,0.7036
02792.jpg,0.7886
02793.jpg,0.7823
02794.jpg,0.4577
02795.jpg,0.5757
02796.jpg,0.4764
02797.jpg,0.6138
02798.jpg,0.3600
02799.jpg,0.3438
02800.jpg,0.6543
02801.jpg,0.7889
02802.jpg,0.4471
02803.jpg,0.7556
02804.jpg,0.6945
02805.jpg,0.5347
02806.jpg,0.7700
02807.jpg,0.2658
02808.jpg,0.7184
02809.jpg,0.7310
02810.jpg,0.2725
02811.jpg,0.8195
02812.jpg,0.0711
02813.jpg,0.7450
02814.jpg,0.3479
02815.jpg,0.4050
02816.jpg,0.7919
02817.jpg,0.7425
02818.jpg,0.2232
02819.jpg,0.3370
02820.jpg,0.6900
02821.jpg,0.7300
02822.jpg,0.6883
02823.jpg,0.7179
02824.jpg,0.1633
02825.jpg,0.7580
02826.jpg,0.7410
02827.jpg,0.2431
02828.jpg,0.6261
02829.jpg,0.6974
02830.jpg,0.6894
02831.jpg,0.7122
02832.jpg,0.7228
02833.jpg,0.7026
02834.jpg,0.3083
02835.jpg,0.3412
02836.jpg,0.4506
02837.jpg,0.5141
02838.jpg,0.6572
02839.jpg,0.7194
02840.jpg,0.5525
02841.jpg,0.7950
02842.jpg,0.7793
02843.jpg,0.7594
02844.jpg,0.7718
02845.jpg,0.2718
02846.jpg,0.7487
02847.jpg,0.6295
02848.jpg,0.4994
02849.jpg,0.7982
02850.jpg,0.7767
02851.jpg,0.3835
02852.jpg,0.6876
02853.jpg,0.6588
02854.jpg,0.3806
02855.jpg,0.5194
02856.jpg,0.4982
02857.jpg,0.2471
02858.jpg,0.6553
02859.jpg,0.3331
02860.jpg,0.6719
02861.jpg,0.7182
02862.jpg,0.4411
02863.jpg,0.3050
02864.jpg,0.5806
02865.jpg,0.3124
02866.jpg,0.6141
02867.jpg,0.6567
02868.jpg,0.7188
02869.jpg,0.6457
02870.jpg,0.7646
02871.jpg,0.3590
02872.jpg,0.4768
02873.jpg,0.7285
02874.jpg,0.2928
02875.jpg,0.2468
02876.jpg,0.7672
02877.jpg,0.5172
02878.jpg,0.7131
02879.jpg,0.6127
02880.jpg,0.2806
02881.jpg,0.5963
02882.jpg,0.7183
02883.jpg,0.4400
02884.jpg,0.1376
02885.jpg,0.2218
02886.jpg,0.2238
02887.jpg,0.7562
02888.jpg,0.5972
02889.jpg,0.1975
02890.jpg,0.6533
02891.jpg,0.4989
02892.jpg,0.3344
02893.jpg,0.3829
02894.jpg,0.3214
02895.jpg,0.7526
02896.jpg,0.3188
02897.jpg,0.3250
02898.jpg,0.5821
02899.jpg,0.4206
02900.jpg,0.2853
02901.jpg,0.2953
02902.jpg,0.7094
02903.jpg,0.2807
02904.jpg,0.2693
02905.jpg,0.7378
02906.jpg,0.5665
02907.jpg,0.6661
02908.jpg,0.4347
02909.jpg,0.7227
02910.jpg,0.7571
02911.jpg,0.8225
02912.jpg,0.2306
02913.jpg,0.4186
02914.jpg,0.2605
02915.jpg,0.7619
02916.jpg,0.6831
02917.jpg,0.3806
02918.jpg,0.7219
02919.jpg,0.6077
02920.jpg,0.3775
02921.jpg,0.4071
02922.jpg,0.3979
02923.jpg,0.4020
02924.jpg,0.4679
02925.jpg,0.6738
02926.jpg,0.2600
02927.jpg,0.2854
02928.jpg,0.4600
02929.jpg,0.3450
02930.jpg,0.3082
02931.jpg,0.6329
02932.jpg,0.8533
02933.jpg,0.6738
02934.jpg,0.6850
02935.jpg,0.2577
02936.jpg,0.7462
02937.jpg,0.4367
02938.jpg,0.3838
02939.jpg,0.2510
02940.jpg,0.2925
02941.jpg,0.2540
02942.jpg,0.1790
02943.jpg,0.8450
02944.jpg,0.8167
02945.jpg,0.7338
02946.jpg,0.6800
02947.jpg,0.7725
02948.jpg,0.5860
02949.jpg,0.2720
02950.jpg,0.2450
02951.jpg,0.6475
02952.jpg,0.7644
02953.jpg,0.1200
02954.jpg,0.7550
02955.jpg,0.5050
02956.jpg,0.3244
02957.jpg,0.2318
02958.jpg,0.2288
02959.jpg,0.1244
02960.jpg,0.2030
02961.jpg,0.2071
02962.jpg,0.0718
02963.jpg,0.7575
02964.jpg,0.2650
02965.jpg,0.7550
02966.jpg,0.7011
02967.jpg,0.3100
02968.jpg,0.8500
02969.jpg,0.6975
02970.jpg,0.6433
02971.jpg,0.7488
02972.jpg,0.8113
02973.jpg,0.6844
02974.jpg,0.4667
02975.jpg,0.2463
02976.jpg,0.2100
02977.jpg,0.5000
02978.jpg,0.5713
02979.jpg,0.3089
02980.jpg,0.1875
02981.jpg,0.5533
02982.jpg,0.2240
02983.jpg,0.3788
02984.jpg,0.8513
02985.jpg,0.8425
02986.jpg,0.3425
02987.jpg,0.2975
02988.jpg,0.8150
02989.jpg,0.5113
02990.jpg,0.5818
02991.jpg,0.5938
02992.jpg,0.2725
02993.jpg,0.3138
02994.jpg,0.8325
02995.jpg,0.2411
02996.jpg,0.4425
02997.jpg,0.3111
02998.jpg,0.2922
02999.jpg,0.5963
03000.jpg,0.7360
03001.jpg,0.7850
03002.jpg,0.7922
03003.jpg,0.2767
03004.jpg,0.6188
03005.jpg,0.6967
03006.jpg,0.7563
03007.jpg,0.6922
03008.jpg,0.7225
03009.jpg,0.7657
03010.jpg,0.2057
03011.jpg,0.1986
03012.jpg,0.3043
03013.jpg,0.2067
03014.jpg,0.6743
03015.jpg,0.7483
03016.jpg,0.5700
03017.jpg,0.7067
03018.jpg,0.2571
03019.jpg,0.7300
03020.jpg,0.5817
03021.jpg,0.1350
03022.jpg,0.5129
03023.jpg,0.7514
03024.jpg,0.5714
03025.jpg,0.3000
03026.jpg,0.2383
03027.jpg,0.3083
03028.jpg,0.3457
03029.jpg,0.4467
03030.jpg,0.4243
03031.jpg,0.1871
03032.jpg,0.6483
03033.jpg,0.3050
03034.jpg,0.3771
03035.jpg,0.7786
03036.jpg,0.2383
03037.jpg,0.3000
03038.jpg,0.3914
03039.jpg,0.3167
03040.jpg,0.2617
03041.jpg,0.6283
03042.jpg,0.6017
03043.jpg,0.7038
03044.jpg,0.2900
03045.jpg,0.5943
03046.jpg,0.2357
03047.jpg,0.3386
03048.jpg,0.0633
03049.jpg,0.2944
03050.jpg,0.2717
03051.jpg,0.4057
03052.jpg,0.2783
03053.jpg,0.5657
03054.jpg,0.8563
03055.jpg,0.2529
03056.jpg,0.4514
03057.jpg,0.2667
03058.jpg,0.7214
03059.jpg,0.7500
03060.jpg,0.3129
03061.jpg,0.2286
03062.jpg,0.2300
03063.jpg,0.3467
03064.jpg,0.2233
03065.jpg,0.6700
03066.jpg,0.5660
03067.jpg,0.7360
03068.jpg,0.2883
03069.jpg,0.6200
03070.jpg,0.6117
03071.jpg,0.6340
03072.jpg,0.5400
03073.jpg,0.3933
03074.jpg,0.4000
03075.jpg,0.3520
03076.jpg,0.7000
03077.jpg,0.3117
03078.jpg,0.6333
03079.jpg,0.4300
03080.jpg,0.7200
03081.jpg,0.1429
03082.jpg,0.3071
03083.jpg,0.8278
03084.jpg,0.7675
03085.jpg,0.2075
03086.jpg,0.1414
03087.jpg,0.1829
03088.jpg,0.1900
03089.jpg,0.7229
03090.jpg,0.2100
03091.jpg,0.6714
03092.jpg,0.7938
03093.jpg,0.6143
03094.jpg,0.5829
03095.jpg,0.1778
03096.jpg,0.6467
03097.jpg,0.8125
03098.jpg,0.7514
03099.jpg,0.1929
03100.jpg,0.1143
03101.jpg,0.8963
03102.jpg,0.8313
03103.jpg,0.1338
03104.jpg,0.1800
03105.jpg,0.3043
03106.jpg,0.7814
03107.jpg,0.6650
03108.jpg,0.7986
03109.jpg,0.2275
03110.jpg,0.1425
03111.jpg,0.8625
03112.jpg,0.4900
03113.jpg,0.8229
03114.jpg,0.2886
03115.jpg,0.8756
03116.jpg,0.8783
03117.jpg,0.3357
03118.jpg,0.7413
03119.jpg,0.8614
03120.jpg,0.6371
03121.jpg,0.7329
03122.jpg,0.5675
03123.jpg,0.1156
03124.jpg,0.7838
03125.jpg,0.1543
03126.jpg,0.8257
03127.jpg,0.7163
03128.jpg,0.4238
03129.jpg,0.1289
03130.jpg,0.8800
03131.jpg,0.6625
03132.jpg,0.3557
03133.jpg,0.2075
03134.jpg,0.6200
03135.jpg,0.1838
03136.jpg,0.1871
03137.jpg,0.5738
03138.jpg,0.6286
03139.jpg,0.6150
03140.jpg,0.8733
03141.jpg,0.6838
03142.jpg,0.2743
03143.jpg,0.4700
03144.jpg,0.3571
03145.jpg,0.5214
03146.jpg,0.2488
03147.jpg,0.2375
03148.jpg,0.3129
03149.jpg,0.2957
03150.jpg,0.5156
03151.jpg,0.5114
03152.jpg,0.8038
03153.jpg,0.1467
03154.jpg,0.3300
03155.jpg,0.2829
03156.jpg,0.7367
03157.jpg,0.6957
03158.jpg,0.7317
03159.jpg,0.2471
03160.jpg,0.7200
03161.jpg,0.6433
03162.jpg,0.7583
03163.jpg,0.2783
03164.jpg,0.2300
03165.jpg,0.2750
03166.jpg,0.7417
03167.jpg,0.6700
03168.jpg,0.4586
03169.jpg,0.7238
03170.jpg,0.4029
03171.jpg,0.3450
03172.jpg,0.3050
03173.jpg,0.4183
03174.jpg,0.8425
03175.jpg,0.8383
03176.jpg,0.2017
03177.jpg,0.2567
03178.jpg,0.7900
03179.jpg,0.8171
03180.jpg,0.7517
03181.jpg,0.7583
03182.jpg,0.7400
03183.jpg,0.5700
03184.jpg,0.3017
03185.jpg,0.3650
03186.jpg,0.7917
03187.jpg,0.5417
03188.jpg,0.6667
03189.jpg,0.4663
03190.jpg,0.2971
03191.jpg,0.8980
03192.jpg,0.4714
03193.jpg,0.7567
03194.jpg,0.7767
03195.jpg,0.5300
03196.jpg,0.4967
03197.jpg,0.3483
03198.jpg,0.4433
03199.jpg,0.6133
03200.jpg,0.6950
03201.jpg,0.5567
03202.jpg,0.7467
03203.jpg,0.4329
03204.jpg,0.4367
03205.jpg,0.5414
03206.jpg,0.7100
03207.jpg,0.1967
03208.jpg,0.6850
03209.jpg,0.4667
03210.jpg,0.4717
03211.jpg,0.5967
03212.jpg,0.6471
03213.jpg,0.4067
03214.jpg,0.7167
03215.jpg,0.5343
03216.jpg,0.7857
03217.jpg,0.7367
03218.jpg,0.6217
03219.jpg,0.8067
03220.jpg,0.3433
03221.jpg,0.7911
03222.jpg,0.5644
03223.jpg,0.6300
03224.jpg,0.5976
03225.jpg,0.7332
03226.jpg,0.4756
03227.jpg,0.4661
03228.jpg,0.4163
03229.jpg,0.2171
03230.jpg,0.2156
03231.jpg,0.5612
03232.jpg,0.6935
03233.jpg,0.5676
03234.jpg,0.6863
03235.jpg,0.6228
03236.jpg,0.3580
03237.jpg,0.6284
03238.jpg,0.6571
03239.jpg,0.3821
03240.jpg,0.1337
03241.jpg,0.2274
03242.jpg,0.2539
03243.jpg,0.8813
03244.jpg,0.7513
03245.jpg,0.7328
03246.jpg,0.5778
03247.jpg,0.6865
03248.jpg,0.3029
03249.jpg,0.2932
03250.jpg,0.5600
03251.jpg,0.4476
03252.jpg,0.6957
03253.jpg,0.4818
03254.jpg,0.5594
03255.jpg,0.2574
03256.jpg,0.5341
03257.jpg,0.8172
03258.jpg,0.5344
03259.jpg,0.6861
03260.jpg,0.7482
03261.jpg,0.3711
03262.jpg,0.4728
03263.jpg,0.3820
03264.jpg,0.5671
03265.jpg,0.7153
03266.jpg,0.7858
03267.jpg,0.5272
03268.jpg,0.2500
03269.jpg,0.4288
03270.jpg,0.4217
03271.jpg,0.5222
03272.jpg,0.4978
03273.jpg,0.5811
03274.jpg,0.5194
03275.jpg,0.2837
03276.jpg,0.4784
03277.jpg,0.7811
03278.jpg,0.4812
03279.jpg,0.3744
03280.jpg,0.1541
03281.jpg,0.8028
03282.jpg,0.8270
03283.jpg,0.3400
03284.jpg,0.2812
03285.jpg,0.6033
03286.jpg,0.2753
03287.jpg,0.7655
03288.jpg,0.5994
03289.jpg,0.6706
03290.jpg,0.4000
03291.jpg,0.5388
03292.jpg,0.6833
03293.jpg,0.6763
03294.jpg,0.8171
03295.jpg,0.4300
03296.jpg,0.6329
03297.jpg,0.6114
03298.jpg,0.6800
03299.jpg,0.6443
03300.jpg,0.7971
03301.jpg,0.7750
03302.jpg,0.7600
03303.jpg,0.3156
03304.jpg,0.5057
03305.jpg,0.3243
03306.jpg,0.5938
03307.jpg,0.1900
03308.jpg,0.7188
03309.jpg,0.6771
03310.jpg,0.6343
03311.jpg,0.5711
03312.jpg,0.2671
03313.jpg,0.3586
03314.jpg,0.2310
03315.jpg,0.4314
03316.jpg,0.6475
03317.jpg,0.5471
03318.jpg,0.5743
03319.jpg,0.2271
03320.jpg,0.7329
03321.jpg,0.7529
03322.jpg,0.8171
03323.jpg,0.8829
03324.jpg,0.4843
03325.jpg,0.7157
03326.jpg,0.4938
03327.jpg,0.6588
03328.jpg,0.3833
03329.jpg,0.2050
03330.jpg,0.8388
03331.jpg,0.5786
03332.jpg,0.5900
03333.jpg,0.6813
03334.jpg,0.3829
03335.jpg,0.3014
03336.jpg,0.3738
03337.jpg,0.8463
03338.jpg,0.3225
03339.jpg,0.2200
03340.jpg,0.4938
03341.jpg,0.4586
03342.jpg,0.5314
03343.jpg,0.6833
03344.jpg,0.8288
03345.jpg,0.3267
03346.jpg,0.7514
03347.jpg,0.4857
03348.jpg,0.7225
03349.jpg,0.5489
03350.jpg,0.2114
03351.jpg,0.6788
03352.jpg,0.6388
03353.jpg,0.7113
03354.jpg,0.3867
03355.jpg,0.5550
03356.jpg,0.7900
03357.jpg,0.5600
03358.jpg,0.6933
03359.jpg,0.3967
03360.jpg,0.3100
03361.jpg,0.7520
03362.jpg,0.5933
03363.jpg,0.6833
03364.jpg,0.2000
03365.jpg,0.4938
03366.jpg,0.4450
03367.jpg,0.5975
03368.jpg,0.3800
03369.jpg,0.2744
03370.jpg,0.8733
03371.jpg,0.5988
03372.jpg,0.1613
03373.jpg,0.3000
03374.jpg,0.3122
03375.jpg,0.3360
03376.jpg,0.3678
03377.jpg,0.2422
03378.jpg,0.2278
03379.jpg,0.6756
03380.jpg,0.5178
03381.jpg,0.7911
03382.jpg,0.7144
03383.jpg,0.4180
03384.jpg,0.6267
03385.jpg,0.1075
03386.jpg,0.7389
03387.jpg,0.5522
03388.jpg,0.6678
03389.jpg,0.7378
03390.jpg,0.6600
03391.jpg,0.2833
03392.jpg,0.7222
03393.jpg,0.4144
03394.jpg,0.4067
03395.jpg,0.3111
03396.jpg,0.5310
03397.jpg,0.6011
03398.jpg,0.5700
03399.jpg,0.4156
03400.jpg,0.6300
03401.jpg,0.8070
03402.jpg,0.5289
03403.jpg,0.3589
03404.jpg,0.3667
03405.jpg,0.1800
03406.jpg,0.8289
03407.jpg,0.5888
03408.jpg,0.2567
03409.jpg,0.2489
03410.jpg,0.2390
03411.jpg,0.6144
03412.jpg,0.4000
03413.jpg,0.9133
03414.jpg,0.2544
03415.jpg,0.5467
03416.jpg,0.6167
03417.jpg,0.6110
03418.jpg,0.6680
03419.jpg,0.3311
03420.jpg,0.7689
03421.jpg,0.7689
03422.jpg,0.5900
03423.jpg,0.6033
03424.jpg,0.4167
03425.jpg,0.2189
03426.jpg,0.8100
03427.jpg,0.7622
03428.jpg,0.4200
03429.jpg,0.7367
03430.jpg,0.3386
03431.jpg,0.2208
03432.jpg,0.5092
03433.jpg,0.6300
03434.jpg,0.3964
03435.jpg,0.6669
03436.jpg,0.5923
03437.jpg,0.3592
03438.jpg,0.4650
03439.jpg,0.6421
03440.jpg,0.1518
03441.jpg,0.4838
03442.jpg,0.3318
03443.jpg,0.7264
03444.jpg,0.6208
03445.jpg,0.6546
03446.jpg,0.7586
03447.jpg,0.6233
03448.jpg,0.6608
03449.jpg,0.6742
03450.jpg,0.5533
03451.jpg,0.5062
03452.jpg,0.4717
03453.jpg,0.2915
03454.jpg,0.6282
03455.jpg,0.6708
03456.jpg,0.2625
03457.jpg,0.1800
03458.jpg,0.6642
03459.jpg,0.6167
03460.jpg,0.5854
03461.jpg,0.3340
03462.jpg,0.6315
03463.jpg,0.7317
03464.jpg,0.0417
03465.jpg,0.4175
03466.jpg,0.6786
03467.jpg,0.6092
03468.jpg,0.4958
03469.jpg,0.7083
03470.jpg,0.2664
03471.jpg,0.3891
03472.jpg,0.3518
03473.jpg,0.5425
03474.jpg,0.7117
03475.jpg,0.7170
03476.jpg,0.7536
03477.jpg,0.4773
03478.jpg,0.1675
03479.jpg,0.4891
03480.jpg,0.5500
03481.jpg,0.1630
03482.jpg,0.6700
03483.jpg,0.7233
03484.jpg,0.6579
03485.jpg,0.1782
03486.jpg,0.1292
03487.jpg,0.7017
03488.jpg,0.5973
03489.jpg,0.2715
03490.jpg,0.2373
03491.jpg,0.4464
03492.jpg,0.7164
03493.jpg,0.4975
03494.jpg,0.4050
03495.jpg,0.6750
03496.jpg,0.6890
03497.jpg,0.3500
03498.jpg,0.3009
03499.jpg,0.6582
03500.jpg,0.2644
03501.jpg,0.6014
03502.jpg,0.4945
03503.jpg,0.8564
03504.jpg,0.3900
03505.jpg,0.4075
03506.jpg,0.6242
03507.jpg,0.7583
03508.jpg,0.5554
03509.jpg,0.6818
03510.jpg,0.2746
03511.jpg,0.6346
03512.jpg,0.3758
03513.jpg,0.2825
03514.jpg,0.4009
03515.jpg,0.2782
03516.jpg,0.7192
03517.jpg,0.3327
03518.jpg,0.4309
03519.jpg,0.6882
03520.jpg,0.7617
03521.jpg,0.2450
03522.jpg,0.4650
03523.jpg,0.2758
03524.jpg,0.2064
03525.jpg,0.6500
03526.jpg,0.2354
03527.jpg,0.2908
03528.jpg,0.5473
03529.jpg,0.2918
03530.jpg,0.6567
03531.jpg,0.6064
03532.jpg,0.6800
03533.jpg,0.1582
03534.jpg,0.2300
03535.jpg,0.7642
03536.jpg,0.4500
03537.jpg,0.4392
03538.jpg,0.1780
03539.jpg,0.7082
03540.jpg,0.2883
03541.jpg,0.2942
03542.jpg,0.6225
03543.jpg,0.1636
03544.jpg,0.7470
03545.jpg,0.4542
03546.jpg,0.3218
03547.jpg,0.2364
03548.jpg,0.6192
03549.jpg,0.7723
03550.jpg,0.8138
03551.jpg,0.7027
03552.jpg,0.5727
03553.jpg,0.3500
03554.jpg,0.5427
03555.jpg,0.6955
03556.jpg,0.2873
03557.jpg,0.3108
03558.jpg,0.5293
03559.jpg,0.6118
03560.jpg,0.3042
03561.jpg,0.4400
03562.jpg,0.3067
03563.jpg,0.2109
03564.jpg,0.8146
03565.jpg,0.7883
03566.jpg,0.3255
03567.jpg,0.2809
03568.jpg,0.2727
03569.jpg,0.4500
03570.jpg,0.5758
03571.jpg,0.7408
03572.jpg,0.5700
03573.jpg,0.4625
03574.jpg,0.4410
03575.jpg,0.7336
03576.jpg,0.1709
03577.jpg,0.7933
03578.jpg,0.5191
03579.jpg,0.5700
03580.jpg,0.3708
03581.jpg,0.5082
03582.jpg,0.3008
03583.jpg,0.6590
03584.jpg,0.3782
03585.jpg,0.3300
03586.jpg,0.6045
03587.jpg,0.4836
03588.jpg,0.3683
03589.jpg,0.4840
03590.jpg,0.6500
03591.jpg,0.3964
03592.jpg,0.1891
03593.jpg,0.7308
03594.jpg,0.4500
03595.jpg,0.6183
03596.jpg,0.7385
03597.jpg,0.4800
03598.jpg,0.4115
03599.jpg,0.3625
03600.jpg,0.6945
03601.jpg,0.7327
03602.jpg,0.5473
03603.jpg,0.6864
03604.jpg,0.5555
03605.jpg,0.6975
03606.jpg,0.2267
03607.jpg,0.6991
03608.jpg,0.2417
03609.jpg,0.7675
03610.jpg,0.3208
03611.jpg,0.2680
03612.jpg,0.6700
03613.jpg,0.5225
03614.jpg,0.7850
03615.jpg,0.6177
03616.jpg,0.4118
03617.jpg,0.6817
03618.jpg,0.3727
03619.jpg,0.7143
03620.jpg,0.1658
03621.jpg,0.2958
03622.jpg,0.5736
03623.jpg,0.1608
03624.jpg,0.6755
03625.jpg,0.6000
03626.jpg,0.4755
03627.jpg,0.4191
03628.jpg,0.5540
03629.jpg,0.2755
03630.jpg,0.2800
03631.jpg,0.2820
03632.jpg,0.1991
03633.jpg,0.6267
03634.jpg,0.7614
03635.jpg,0.5490
03636.jpg,0.2227
03637.jpg,0.6130
03638.jpg,0.5918
03639.jpg,0.6910
03640.jpg,0.1511
03641.jpg,0.2155
03642.jpg,0.0967
03643.jpg,0.4218
03644.jpg,0.2417
03645.jpg,0.4442
03646.jpg,0.6173
03647.jpg,0.7055
03648.jpg,0.3618
03649.jpg,0.6536
03650.jpg,0.2200
03651.jpg,0.3791
03652.jpg,0.8327
03653.jpg,0.5193
03654.jpg,0.2064
03655.jpg,0.4254
03656.jpg,0.7882
03657.jpg,0.2400
03658.jpg,0.2800
03659.jpg,0.4900
03660.jpg,0.2200
03661.jpg,0.7518
03662.jpg,0.1408
03663.jpg,0.3708
03664.jpg,0.6546
03665.jpg,0.3300
03666.jpg,0.4664
03667.jpg,0.6800
03668.jpg,0.7077
03669.jpg,0.7508
03670.jpg,0.4192
03671.jpg,0.6300
03672.jpg,0.3309
03673.jpg,0.6950
03674.jpg,0.8482
03675.jpg,0.4750
03676.jpg,0.1920
03677.jpg,0.3118
03678.jpg,0.1931
03679.jpg,0.7427
03680.jpg,0.3525
03681.jpg,0.7485
03682.jpg,0.4075
03683.jpg,0.8031
03684.jpg,0.7800
03685.jpg,0.6414
03686.jpg,0.2850
03687.jpg,0.5667
03688.jpg,0.5162
03689.jpg,0.5631
03690.jpg,0.6354
03691.jpg,0.4731
03692.jpg,0.6550
03693.jpg,0.7115
03694.jpg,0.3691
03695.jpg,0.3155
03696.jpg,0.7991
03697.jpg,0.4617
03698.jpg,0.4040
03699.jpg,0.8069
03700.jpg,0.3691
03701.jpg,0.6842
03702.jpg,0.4730
03703.jpg,0.6469
03704.jpg,0.5836
03705.jpg,0.4583
03706.jpg,0.4100
03707.jpg,0.5922
03708.jpg,0.6900
03709.jpg,0.3913
03710.jpg,0.4663
03711.jpg,0.2514
03712.jpg,0.6150
03713.jpg,0.7436
03714.jpg,0.6717
03715.jpg,0.2017
03716.jpg,0.7667
03717.jpg,0.7550
03718.jpg,0.7454
03719.jpg,0.5408
03720.jpg,0.2646
03721.jpg,0.6933
03722.jpg,0.6262
03723.jpg,0.7309
03724.jpg,0.3845
03725.jpg,0.6069
03726.jpg,0.2423
03727.jpg,0.1925
03728.jpg,0.5477
03729.jpg,0.7508
03730.jpg,0.4015
03731.jpg,0.7550
03732.jpg,0.4292
03733.jpg,0.7258
03734.jpg,0.6808
03735.jpg,0.6992
03736.jpg,0.7738
03737.jpg,0.5333
03738.jpg,0.6169
03739.jpg,0.5746
03740.jpg,0.5571
03741.jpg,0.7183
03742.jpg,0.4600
03743.jpg,0.6900
03744.jpg,0.7485
03745.jpg,0.0808
03746.jpg,0.2269
03747.jpg,0.3700
03748.jpg,0.6350
03749.jpg,0.6983
03750.jpg,0.2717
03751.jpg,0.2475
03752.jpg,0.7217
03753.jpg,0.7033
03754.jpg,0.4054
03755.jpg,0.8092
03756.jpg,0.6715
03757.jpg,0.5746
03758.jpg,0.5269
03759.jpg,0.2717
03760.jpg,0.4983
03761.jpg,0.3800
03762.jpg,0.1092
03763.jpg,0.6762
03764.jpg,0.7764
03765.jpg,0.6333
03766.jpg,0.5685
03767.jpg,0.6092
03768.jpg,0.6067
03769.jpg,0.3215
03770.jpg,0.6333
03771.jpg,0.5792
03772.jpg,0.4767
03773.jpg,0.0918
03774.jpg,0.5250
03775.jpg,0.5325
03776.jpg,0.6433
03777.jpg,0.6792
03778.jpg,0.4607
03779.jpg,0.3136
03780.jpg,0.3343
03781.jpg,0.7967
03782.jpg,0.6971
03783.jpg,0.2943
03784.jpg,0.6283
03785.jpg,0.3833
03786.jpg,0.2467
03787.jpg,0.6683
03788.jpg,0.2517
03789.jpg,0.2233
03790.jpg,0.5200
03791.jpg,0.3417
03792.jpg,0.4250
03793.jpg,0.4571
03794.jpg,0.6267
03795.jpg,0.4425
03796.jpg,0.5500
03797.jpg,0.4429
03798.jpg,0.5883
03799.jpg,0.2100
03800.jpg,0.6600
03801.jpg,0.4513
03802.jpg,0.2929
03803.jpg,0.6100
03804.jpg,0.2586
03805.jpg,0.2483
03806.jpg,0.0740
03807.jpg,0.7900
03808.jpg,0.6271
03809.jpg,0.5314
03810.jpg,0.3650
03811.jpg,0.3329
03812.jpg,0.5757
03813.jpg,0.3200
03814.jpg,0.7314
03815.jpg,0.2250
03816.jpg,0.5400
03817.jpg,0.3850
03818.jpg,0.3167
03819.jpg,0.7071
03820.jpg,0.2967
03821.jpg,0.3114
03822.jpg,0.6857
03823.jpg,0.5357
03824.jpg,0.6033
03825.jpg,0.7533
03826.jpg,0.6700
03827.jpg,0.6970
03828.jpg,0.7583
03829.jpg,0.4229
03830.jpg,0.7475
03831.jpg,0.7217
03832.jpg,0.5067
03833.jpg,0.6717
03834.jpg,0.3150
03835.jpg,0.3914
03836.jpg,0.4213
03837.jpg,0.3533
03838.jpg,0.1200
03839.jpg,0.6600
03840.jpg,0.2617
03841.jpg,0.6717
03842.jpg,0.7871
03843.jpg,0.4714
03844.jpg,0.5229
03845.jpg,0.1957
03846.jpg,0.3671
03847.jpg,0.5900
03848.jpg,0.2671
03849.jpg,0.2514
03850.jpg,0.7333
03851.jpg,0.2777
03852.jpg,0.2131
03853.jpg,0.6367
03854.jpg,0.8050
03855.jpg,0.5850
03856.jpg,0.7900
03857.jpg,0.0946
03858.jpg,0.5762
03859.jpg,0.6023
03860.jpg,0.1869
03861.jpg,0.7821
03862.jpg,0.7464
03863.jpg,0.2823
03864.jpg,0.8446
03865.jpg,0.7508
03866.jpg,0.8233
03867.jpg,0.2150
03868.jpg,0.5600
03869.jpg,0.3269
03870.jpg,0.6571
03871.jpg,0.0508
03872.jpg,0.7158
03873.jpg,0.7707
03874.jpg,0.1914
03875.jpg,0.2133
03876.jpg,0.8593
03877.jpg,0.7543
03878.jpg,0.7046
03879.jpg,0.6169
03880.jpg,0.6915
03881.jpg,0.7023
03882.jpg,0.7000
03883.jpg,0.7886
03884.jpg,0.6692
03885.jpg,0.6943
03886.jpg,0.5221
03887.jpg,0.8108
03888.jpg,0.3485
03889.jpg,0.8038
03890.jpg,0.8136
03891.jpg,0.2207
03892.jpg,0.2157
03893.jpg,0.1093
03894.jpg,0.4838
03895.jpg,0.7971
03896.jpg,0.8677
03897.jpg,0.8331
03898.jpg,0.8277
03899.jpg,0.2686
03900.jpg,0.6414
03901.jpg,0.5338
03902.jpg,0.8346
03903.jpg,0.2671
03904.jpg,0.7977
03905.jpg,0.2993
03906.jpg,0.1314
03907.jpg,0.7223
03908.jpg,0.7962
03909.jpg,0.4800
03910.jpg,0.1131
03911.jpg,0.6815
03912.jpg,0.7831
03913.jpg,0.4723
03914.jpg,0.3262
03915.jpg,0.7723
03916.jpg,0.6486
03917.jpg,0.8246
03918.jpg,0.3017
03919.jpg,0.7692
03920.jpg,0.4975
03921.jpg,0.6831
03922.jpg,0.4425
03923.jpg,0.6900
03924.jpg,0.5673
03925.jpg,0.8486
03926.jpg,0.8318
03927.jpg,0.5427
03928.jpg,0.2055
03929.jpg,0.5809
03930.jpg,0.5036
03931.jpg,0.4282
03932.jpg,0.7573
03933.jpg,0.4015
03934.jpg,0.6838
03935.jpg,0.5040
03936.jpg,0.4040
03937.jpg,0.7080
03938.jpg,0.4290
03939.jpg,0.7090
03940.jpg,0.3910
03941.jpg,0.3233
03942.jpg,0.8489
03943.jpg,0.8630
03944.jpg,0.4408
03945.jpg,0.7073
03946.jpg,0.2318
03947.jpg,0.3467
03948.jpg,0.6033
03949.jpg,0.4189
03950.jpg,0.7050
03951.jpg,0.4231
03952.jpg,0.7622
03953.jpg,0.1230
03954.jpg,0.8191
03955.jpg,0.8400
03956.jpg,0.5958
03957.jpg,0.7308
03958.jpg,0.3778
03959.jpg,0.4645
03960.jpg,0.3550
03961.jpg,0.4700
03962.jpg,0.6630
03963.jpg,0.6073
03964.jpg,0.3873
03965.jpg,0.3177
03966.jpg,0.3282
03967.jpg,0.7618
03968.jpg,0.6325
03969.jpg,0.4725
03970.jpg,0.3685
03971.jpg,0.4936
03972.jpg,0.2677
03973.jpg,0.6980
03974.jpg,0.6089
03975.jpg,0.6556
03976.jpg,0.3556
03977.jpg,0.3422
03978.jpg,0.5645
03979.jpg,0.6567
03980.jpg,0.7456
03981.jpg,0.7711
03982.jpg,0.6130
03983.jpg,0.3478
03984.jpg,0.6008
03985.jpg,0.4300
03986.jpg,0.2500
03987.jpg,0.4656
03988.jpg,0.3200
03989.jpg,0.4856
03990.jpg,0.5756
03991.jpg,0.3713
03992.jpg,0.3313
03993.jpg,0.6100
03994.jpg,0.5980
03995.jpg,0.2407
03996.jpg,0.1400
03997.jpg,0.2662
03998.jpg,0.2807
03999.jpg,0.2400
04000.jpg,0.8229
04001.jpg,0.6587
04002.jpg,0.3057
04003.jpg,0.4671
04004.jpg,0.8271
04005.jpg,0.5917
04006.jpg,0.7869
04007.jpg,0.7927
04008.jpg,0.4050
04009.jpg,0.4207
04010.jpg,0.5013
04011.jpg,0.7831
04012.jpg,0.7712
04013.jpg,0.5021
04014.jpg,0.6071
04015.jpg,0.6560
04016.jpg,0.7993
04017.jpg,0.4823
04018.jpg,0.3533
04019.jpg,0.2587
04020.jpg,0.6608
04021.jpg,0.4350
04022.jpg,0.7893
04023.jpg,0.2413
04024.jpg,0.1357
04025.jpg,0.2029
04026.jpg,0.6933
04027.jpg,0.4893
04028.jpg,0.6621
04029.jpg,0.2936
04030.jpg,0.3036
04031.jpg,0.2792
04032.jpg,0.2577
04033.jpg,0.7262
04034.jpg,0.7559
04035.jpg,0.8000
04036.jpg,0.2425
04037.jpg,0.1227
04038.jpg,0.5667
04039.jpg,0.5469
04040.jpg,0.2758
04041.jpg,0.3675
04042.jpg,0.4250
04043.jpg,0.5592
04044.jpg,0.3000
04045.jpg,0.5654
04046.jpg,0.5462
04047.jpg,0.8423
04048.jpg,0.7608
04049.jpg,0.7333
04050.jpg,0.3458
04051.jpg,0.5423
04052.jpg,0.7008
04053.jpg,0.3342
04054.jpg,0.4985
04055.jpg,0.2691
04056.jpg,0.2646
04057.jpg,0.5592
04058.jpg,0.1158
04059.jpg,0.5508
04060.jpg,0.4067
04061.jpg,0.5600
04062.jpg,0.3420
04063.jpg,0.2136
04064.jpg,0.7508
04065.jpg,0.5550
04066.jpg,0.8018
04067.jpg,0.1770
04068.jpg,0.6389
04069.jpg,0.7469
04070.jpg,0.4455
04071.jpg,0.6818
04072.jpg,0.6320
04073.jpg,0.5020
04074.jpg,0.2736
04075.jpg,0.4191
04076.jpg,0.6933
04077.jpg,0.7410
04078.jpg,0.2718
04079.jpg,0.3140
04080.jpg,0.3492
04081.jpg,0.4733
04082.jpg,0.1936
04083.jpg,0.7973
04084.jpg,0.6693
04085.jpg,0.7191
04086.jpg,0.6918
04087.jpg,0.5230
04088.jpg,0.2664
04089.jpg,0.2860
04090.jpg,0.4100
04091.jpg,0.7021
04092.jpg,0.8290
04093.jpg,0.2870
04094.jpg,0.8370
04095.jpg,0.2990
04096.jpg,0.6818
04097.jpg,0.2518
04098.jpg,0.2840
04099.jpg,0.7250
04100.jpg,0.2955
04101.jpg,0.2764
04102.jpg,0.5100
04103.jpg,0.3246
04104.jpg,0.3933
04105.jpg,0.5540
04106.jpg,0.6420
04107.jpg,0.6408
04108.jpg,0.6510
04109.jpg,0.6564
04110.jpg,0.7856
04111.jpg,0.6667
04112.jpg,0.5309
04113.jpg,0.6591
04114.jpg,0.5158
04115.jpg,0.8140
04116.jpg,0.3800
04117.jpg,0.5255
04118.jpg,0.5450
04119.jpg,0.7230
04120.jpg,0.7645
04121.jpg,0.3450
04122.jpg,0.2690
04123.jpg,0.1610
04124.jpg,0.5309
04125.jpg,0.3050
04126.jpg,0.6825
04127.jpg,0.5850
04128.jpg,0.6460
04129.jpg,0.5680
04130.jpg,0.3391
04131.jpg,0.7357
04132.jpg,0.8500
04133.jpg,0.4250
04134.jpg,0.6000
04135.jpg,0.6525
04136.jpg,0.4000
04137.jpg,0.5167
04138.jpg,0.3750
04139.jpg,0.7417
04140.jpg,0.8517
04141.jpg,0.6571
04142.jpg,0.5200
04143.jpg,0.7983
04144.jpg,0.1617
04145.jpg,0.8000
04146.jpg,0.4717
04147.jpg,0.7750
04148.jpg,0.8517
04149.jpg,0.7714
04150.jpg,0.8500
04151.jpg,0.4683
04152.jpg,0.5250
04153.jpg,0.6117
04154.jpg,0.3550
04155.jpg,0.2863
04156.jpg,0.7243
04157.jpg,0.6967
04158.jpg,0.7914
04159.jpg,0.2517
04160.jpg,0.1833
04161.jpg,0.7925
04162.jpg,0.3557
04163.jpg,0.5983
04164.jpg,0.2957
04165.jpg,0.1933
04166.jpg,0.7786
04167.jpg,0.6467
04168.jpg,0.3900
04169.jpg,0.5300
04170.jpg,0.1871
04171.jpg,0.1400
04172.jpg,0.4617
04173.jpg,0.8767
04174.jpg,0.6067
04175.jpg,0.1471
04176.jpg,0.4086
04177.jpg,0.8450
04178.jpg,0.8133
04179.jpg,0.1714
04180.jpg,0.7767
04181.jpg,0.6689
04182.jpg,0.3313
04183.jpg,0.3867
04184.jpg,0.7775
04185.jpg,0.7071
04186.jpg,0.5467
04187.jpg,0.8533
04188.jpg,0.2617
04189.jpg,0.4933
04190.jpg,0.8483
04191.jpg,0.8529
04192.jpg,0.8317
04193.jpg,0.4100
04194.jpg,0.2988
04195.jpg,0.3286
04196.jpg,0.6267
04197.jpg,0.6950
04198.jpg,0.2286
04199.jpg,0.6214
04200.jpg,0.8100
04201.jpg,0.4638
04202.jpg,0.4267
04203.jpg,0.5758
04204.jpg,0.2427
04205.jpg,0.3208
04206.jpg,0.3936
04207.jpg,0.5033
04208.jpg,0.2658
04209.jpg,0.7177
04210.jpg,0.8050
04211.jpg,0.3175
04212.jpg,0.5286
04213.jpg,0.8242
04214.jpg,0.2733
04215.jpg,0.0742
04216.jpg,0.5600
04217.jpg,0.6158
04218.jpg,0.6354
04219.jpg,0.2900
04220.jpg,0.4762
04221.jpg,0.6983
04222.jpg,0.1100
04223.jpg,0.7231
04224.jpg,0.1991
04225.jpg,0.5938
04226.jpg,0.3000
04227.jpg,0.8136
04228.jpg,0.3355
04229.jpg,0.5169
04230.jpg,0.7175
04231.jpg,0.7700
04232.jpg,0.7155
04233.jpg,0.3520
04234.jpg,0.5742
04235.jpg,0.7383
04236.jpg,0.4114
04237.jpg,0.5400
04238.jpg,0.1992
04239.jpg,0.7917
04240.jpg,0.8192
04241.jpg,0.7583
04242.jpg,0.5783
04243.jpg,0.6369
04244.jpg,0.6367
04245.jpg,0.2042
04246.jpg,0.3017
04247.jpg,0.4817
04248.jpg,0.8023
04249.jpg,0.7483
04250.jpg,0.5975
04251.jpg,0.6338
04252.jpg,0.3558
04253.jpg,0.1875
04254.jpg,0.7175
04255.jpg,0.6508
04256.jpg,0.4392
04257.jpg,0.5592
04258.jpg,0.2742
04259.jpg,0.4300
04260.jpg,0.4354
04261.jpg,0.6567
04262.jpg,0.1725
04263.jpg,0.6573
04264.jpg,0.3917
04265.jpg,0.6100
04266.jpg,0.3364
04267.jpg,0.7458
04268.jpg,0.7891
04269.jpg,0.0738
04270.jpg,0.4379
04271.jpg,0.7055
04272.jpg,0.3900
04273.jpg,0.6017
04274.jpg,0.6736
04275.jpg,0.8145
04276.jpg,0.2980
04277.jpg,0.6025
04278.jpg,0.2800
04279.jpg,0.6609
04280.jpg,0.2420
04281.jpg,0.5091
04282.jpg,0.2291
04283.jpg,0.3862
04284.jpg,0.5962
04285.jpg,0.3408
04286.jpg,0.6409
04287.jpg,0.5282
04288.jpg,0.6280
04289.jpg,0.4355
04290.jpg,0.6964
04291.jpg,0.6258
04292.jpg,0.6318
04293.jpg,0.4918
04294.jpg,0.5936
04295.jpg,0.2320
04296.jpg,0.5567
04297.jpg,0.6580
04298.jpg,0.5818
04299.jpg,0.3500
04300.jpg,0.6070
04301.jpg,0.2136
04302.jpg,0.5673
04303.jpg,0.6100
04304.jpg,0.3733
04305.jpg,0.6508
04306.jpg,0.2491
04307.jpg,0.3742
04308.jpg,0.4025
04309.jpg,0.6183
04310.jpg,0.3327
04311.jpg,0.3000
04312.jpg,0.7033
04313.jpg,0.2682
04314.jpg,0.6109
04315.jpg,0.6825
04316.jpg,0.2892
04317.jpg,0.6400
04318.jpg,0.5010
04319.jpg,0.6109
04320.jpg,0.3973
04321.jpg,0.5755
04322.jpg,0.6500
04323.jpg,0.2309
04324.jpg,0.7609
04325.jpg,0.2908
04326.jpg,0.6418
04327.jpg,0.5309
04328.jpg,0.5325
04329.jpg,0.5036
04330.jpg,0.4027
04331.jpg,0.4427
04332.jpg,0.1900
04333.jpg,0.2808
04334.jpg,0.6827
04335.jpg,0.3685
04336.jpg,0.5850
04337.jpg,0.4208
04338.jpg,0.1850
04339.jpg,0.5450
04340.jpg,0.5580
04341.jpg,0.4643
04342.jpg,0.4160
04343.jpg,0.2550
04344.jpg,0.3925
04345.jpg,0.4580
04346.jpg,0.7406
04347.jpg,0.3280
04348.jpg,0.7053
04349.jpg,0.3593
04350.jpg,0.6938
04351.jpg,0.3493
04352.jpg,0.7764
04353.jpg,0.4369
04354.jpg,0.5439
04355.jpg,0.7288
04356.jpg,0.4641
04357.jpg,0.4033
04358.jpg,0.5573
04359.jpg,0.0869
04360.jpg,0.4406
04361.jpg,0.3506
04362.jpg,0.1947
04363.jpg,0.1186
04364.jpg,0.7360
04365.jpg,0.3400
04366.jpg,0.2172
04367.jpg,0.8119
04368.jpg,0.7438
04369.jpg,0.5014
04370.jpg,0.5413
04371.jpg,0.3273
04372.jpg,0.3864
04373.jpg,0.7443
04374.jpg,0.4360
04375.jpg,0.2953
04376.jpg,0.8413
04377.jpg,0.7792
04378.jpg,0.5533
04379.jpg,0.5476
04380.jpg,0.3933
04381.jpg,0.6520
04382.jpg,0.3693
04383.jpg,0.1631
04384.jpg,0.6175
04385.jpg,0.5012
04386.jpg,0.7547
04387.jpg,0.2006
04388.jpg,0.7038
04389.jpg,0.1912
04390.jpg,0.1782
04391.jpg,0.8157
04392.jpg,0.3435
04393.jpg,0.7800
04394.jpg,0.4380
04395.jpg,0.7647
04396.jpg,0.3006
04397.jpg,0.6706
04398.jpg,0.6433
04399.jpg,0.7495
04400.jpg,0.4213
04401.jpg,0.3760
04402.jpg,0.2212
04403.jpg,0.3747
04404.jpg,0.6307
04405.jpg,0.2214
04406.jpg,0.7306
04407.jpg,0.6806
04408.jpg,0.1860
04409.jpg,0.2636
04410.jpg,0.5206
04411.jpg,0.4964
04412.jpg,0.5788
04413.jpg,0.6578
04414.jpg,0.7322
04415.jpg,0.4163
04416.jpg,0.3700
04417.jpg,0.6511
04418.jpg,0.2320
04419.jpg,0.7225
04420.jpg,0.6563
04421.jpg,0.3433
04422.jpg,0.4288
04423.jpg,0.6760
04424.jpg,0.4444
04425.jpg,0.4178
04426.jpg,0.2713
04427.jpg,0.3360
04428.jpg,0.2800
04429.jpg,0.2563
04430.jpg,0.7089
04431.jpg,0.5338
04432.jpg,0.6888
04433.jpg,0.7038
04434.jpg,0.6554
04435.jpg,0.6388
04436.jpg,0.5011
04437.jpg,0.6889
04438.jpg,0.4878
04439.jpg,0.4389
04440.jpg,0.4438
04441.jpg,0.7680
04442.jpg,0.3725
04443.jpg,0.6722
04444.jpg,0.4556
04445.jpg,0.4775
04446.jpg,0.6473
04447.jpg,0.7438
04448.jpg,0.5750
04449.jpg,0.2340
04450.jpg,0.6788
04451.jpg,0.3756
04452.jpg,0.6180
04453.jpg,0.7900
04454.jpg,0.4750
04455.jpg,0.3273
04456.jpg,0.6136
04457.jpg,0.7038
04458.jpg,0.5233
04459.jpg,0.8529
04460.jpg,0.4438
04461.jpg,0.7167
04462.jpg,0.6875
04463.jpg,0.4413
04464.jpg,0.3363
04465.jpg,0.5800
04466.jpg,0.5175
04467.jpg,0.3025
04468.jpg,0.6300
04469.jpg,0.3655
04470.jpg,0.2513
04471.jpg,0.7650
04472.jpg,0.2743
04473.jpg,0.5411
04474.jpg,0.5089
04475.jpg,0.3800
04476.jpg,0.3111
04477.jpg,0.4700
04478.jpg,0.5750
04479.jpg,0.7056
04480.jpg,0.7213
04481.jpg,0.5386
04482.jpg,0.6986
04483.jpg,0.4025
04484.jpg,0.4457
04485.jpg,0.3371
04486.jpg,0.7200
04487.jpg,0.7883
04488.jpg,0.4900
04489.jpg,0.5438
04490.jpg,0.2857
04491.jpg,0.3525
04492.jpg,0.6743
04493.jpg,0.4086
04494.jpg,0.3129
04495.jpg,0.3543
04496.jpg,0.7843
04497.jpg,0.3943
04498.jpg,0.7088
04499.jpg,0.3850
04500.jpg,0.5886
04501.jpg,0.7029
04502.jpg,0.3243
04503.jpg,0.3657
04504.jpg,0.5788
04505.jpg,0.6486
04506.jpg,0.3338
04507.jpg,0.2071
04508.jpg,0.7013
04509.jpg,0.7457
04510.jpg,0.3686
04511.jpg,0.3225
04512.jpg,0.7786
04513.jpg,0.5743
04514.jpg,0.6800
04515.jpg,0.4386
04516.jpg,0.7314
04517.jpg,0.0800
04518.jpg,0.5414
04519.jpg,0.8071
04520.jpg,0.7213
04521.jpg,0.7271
04522.jpg,0.7300
04523.jpg,0.7671
04524.jpg,0.7457
04525.jpg,0.5822
04526.jpg,0.5129
04527.jpg,0.6186
04528.jpg,0.6314
04529.jpg,0.7800
04530.jpg,0.8000
04531.jpg,0.6557
04532.jpg,0.7038
04533.jpg,0.6800
04534.jpg,0.5043
04535.jpg,0.5913
04536.jpg,0.6586
04537.jpg,0.7614
04538.jpg,0.3229
04539.jpg,0.2600
04540.jpg,0.2138
04541.jpg,0.8029
04542.jpg,0.6314
04543.jpg,0.8283
04544.jpg,0.7111
04545.jpg,0.7386
04546.jpg,0.2589
04547.jpg,0.7413
04548.jpg,0.2571
04549.jpg,0.3929
04550.jpg,0.4480
04551.jpg,0.4908
04552.jpg,0.2617
04553.jpg,0.5485
04554.jpg,0.6158
04555.jpg,0.5817
04556.jpg,0.4508
04557.jpg,0.7200
04558.jpg,0.4117
04559.jpg,0.1855
04560.jpg,0.0891
04561.jpg,0.8600
04562.jpg,0.5883
04563.jpg,0.3283
04564.jpg,0.7642
04565.jpg,0.3709
04566.jpg,0.5092
04567.jpg,0.6385
04568.jpg,0.4483
04569.jpg,0.3033
04570.jpg,0.5608
04571.jpg,0.7950
04572.jpg,0.7100
04573.jpg,0.3042
04574.jpg,0.3736
04575.jpg,0.4142
04576.jpg,0.2800
04577.jpg,0.6638
04578.jpg,0.4500
04579.jpg,0.3127
04580.jpg,0.4727
04581.jpg,0.7083
04582.jpg,0.3308
04583.jpg,0.2533
04584.jpg,0.6292
04585.jpg,0.6133
04586.jpg,0.4377
04587.jpg,0.1129
04588.jpg,0.6523
04589.jpg,0.3867
04590.jpg,0.3083
04591.jpg,0.5550
04592.jpg,0.4758
04593.jpg,0.5915
04594.jpg,0.7342
04595.jpg,0.3742
04596.jpg,0.7042
04597.jpg,0.6983
04598.jpg,0.7267
04599.jpg,0.5900
04600.jpg,0.3155
04601.jpg,0.8723
04602.jpg,0.4558
04603.jpg,0.4092
04604.jpg,0.5475
04605.jpg,0.3767
04606.jpg,0.1675
04607.jpg,0.5473
04608.jpg,0.5680
04609.jpg,0.3123
04610.jpg,0.4392
04611.jpg,0.6025
04612.jpg,0.6017
04613.jpg,0.4815
04614.jpg,0.6640
04615.jpg,0.6692
04616.jpg,0.6558
04617.jpg,0.3892
04618.jpg,0.5233
04619.jpg,0.6950
04620.jpg,0.7492
04621.jpg,0.0817
04622.jpg,0.1300
04623.jpg,0.0986
04624.jpg,0.7257
04625.jpg,0.3614
04626.jpg,0.2163
04627.jpg,0.3217
04628.jpg,0.1914
04629.jpg,0.1014
04630.jpg,0.3533
04631.jpg,0.4850
04632.jpg,0.5200
04633.jpg,0.8717
04634.jpg,0.8788
04635.jpg,0.5250
04636.jpg,0.1517
04637.jpg,0.6100
04638.jpg,0.3467
04639.jpg,0.7700
04640.jpg,0.8243
04641.jpg,0.2529
04642.jpg,0.6333
04643.jpg,0.8633
04644.jpg,0.4883
04645.jpg,0.1971
04646.jpg,0.7800
04647.jpg,0.4400
04648.jpg,0.4100
04649.jpg,0.1529
04650.jpg,0.7733
04651.jpg,0.7257
04652.jpg,0.7150
04653.jpg,0.8500
04654.jpg,0.6900
04655.jpg,0.6717
04656.jpg,0.6067
04657.jpg,0.8757
04658.jpg,0.2617
04659.jpg,0.4086
04660.jpg,0.2817
04661.jpg,0.5150
04662.jpg,0.4713
04663.jpg,0.4938
04664.jpg,0.7157
04665.jpg,0.7917
04666.jpg,0.8533
04667.jpg,0.8767
04668.jpg,0.1650
04669.jpg,0.6833
04670.jpg,0.6914
04671.jpg,0.6367
04672.jpg,0.5844
04673.jpg,0.5500
04674.jpg,0.3983
04675.jpg,0.4814
04676.jpg,0.6233
04677.jpg,0.2122
04678.jpg,0.7100
04679.jpg,0.8033
04680.jpg,0.2917
04681.jpg,0.3586
04682.jpg,0.8529
04683.jpg,0.2580
04684.jpg,0.2720
04685.jpg,0.7840
04686.jpg,0.4780
04687.jpg,0.7983
04688.jpg,0.2380
04689.jpg,0.2100
04690.jpg,0.8600
04691.jpg,0.4475
04692.jpg,0.2063
04693.jpg,0.7529
04694.jpg,0.2000
04695.jpg,0.1114
04696.jpg,0.6263
04697.jpg,0.1088
04698.jpg,0.1625
04699.jpg,0.3200
04700.jpg,0.5900
04701.jpg,0.1943
04702.jpg,0.1267
04703.jpg,0.8325
04704.jpg,0.2414
04705.jpg,0.7157
04706.jpg,0.1938
04707.jpg,0.4288
04708.jpg,0.2129
04709.jpg,0.7925
04710.jpg,0.6478
04711.jpg,0.6890
04712.jpg,0.2833
04713.jpg,0.2200
04714.jpg,0.1333
04715.jpg,0.1817
04716.jpg,0.7571
04717.jpg,0.7333
04718.jpg,0.8050
04719.jpg,0.8750
04720.jpg,0.3186
04721.jpg,0.5000
04722.jpg,0.1300
04723.jpg,0.6033
04724.jpg,0.4667
04725.jpg,0.2583
04726.jpg,0.7686
04727.jpg,0.2417
04728.jpg,0.6517
04729.jpg,0.7483
04730.jpg,0.2100
04731.jpg,0.4613
04732.jpg,0.1833
04733.jpg,0.5617
04734.jpg,0.7467
04735.jpg,0.2686
04736.jpg,0.8686
04737.jpg,0.2217
04738.jpg,0.6514
04739.jpg,0.3867
04740.jpg,0.7833
04741.jpg,0.7083
04742.jpg,0.4667
04743.jpg,0.7350
04744.jpg,0.6275
04745.jpg,0.7917
04746.jpg,0.6383
04747.jpg,0.1383
04748.jpg,0.7857
04749.jpg,0.6983
04750.jpg,0.7700
04751.jpg,0.2150
04752.jpg,0.6817
04753.jpg,0.5250
04754.jpg,0.3414
04755.jpg,0.7371
04756.jpg,0.6275
04757.jpg,0.2183
04758.jpg,0.7371
04759.jpg,0.3100
04760.jpg,0.1620
04761.jpg,0.1918
04762.jpg,0.6222
04763.jpg,0.4310
04764.jpg,0.6833
04765.jpg,0.8433
04766.jpg,0.8378
04767.jpg,0.2622
04768.jpg,0.7256
04769.jpg,0.6800
04770.jpg,0.5189
04771.jpg,0.8056
04772.jpg,0.6773
04773.jpg,0.8256
04774.jpg,0.3500
04775.jpg,0.4367
04776.jpg,0.3433
04777.jpg,0.8389
04778.jpg,0.3144
04779.jpg,0.8033
04780.jpg,0.7470
04781.jpg,0.6400
04782.jpg,0.6230
04783.jpg,0.6922
04784.jpg,0.5511
04785.jpg,0.6822
04786.jpg,0.4322
04787.jpg,0.3600
04788.jpg,0.3450
04789.jpg,0.3311
04790.jpg,0.7730
04791.jpg,0.4367
04792.jpg,0.6556
04793.jpg,0.6978
04794.jpg,0.2956
04795.jpg,0.7009
04796.jpg,0.2980
04797.jpg,0.6656
04798.jpg,0.7200
04799.jpg,0.3133
04800.jpg,0.6133
04801.jpg,0.6950
04802.jpg,0.5322
04803.jpg,0.7144
04804.jpg,0.3889
04805.jpg,0.3867
04806.jpg,0.3700
04807.jpg,0.5813
04808.jpg,0.6844
04809.jpg,0.3150
04810.jpg,0.7744
04811.jpg,0.2944
04812.jpg,0.6944
04813.jpg,0.6233
04814.jpg,0.3956
04815.jpg,0.2756
04816.jpg,0.1745
04817.jpg,0.3311
04818.jpg,0.7830
04819.jpg,0.7145
04820.jpg,0.2610
04821.jpg,0.3490
04822.jpg,0.8030
04823.jpg,0.8289
04824.jpg,0.5489
04825.jpg,0.6973
04826.jpg,0.8010
04827.jpg,0.3311
04828.jpg,0.6178
04829.jpg,0.5922
04830.jpg,0.8090
04831.jpg,0.4536
04832.jpg,0.1817
04833.jpg,0.6917
04834.jpg,0.4100
04835.jpg,0.7867
04836.jpg,0.2109
04837.jpg,0.2777
04838.jpg,0.8050
04839.jpg,0.3454
04840.jpg,0.4027
04841.jpg,0.6330
04842.jpg,0.4929
04843.jpg,0.7267
04844.jpg,0.4900
04845.jpg,0.4464
04846.jpg,0.3864
04847.jpg,0.7417
04848.jpg,0.3607
04849.jpg,0.3082
04850.jpg,0.0990
04851.jpg,0.3850
04852.jpg,0.3562
04853.jpg,0.3982
04854.jpg,0.6867
04855.jpg,0.2575
04856.jpg,0.3292
04857.jpg,0.7908
04858.jpg,0.3175
04859.jpg,0.3417
04860.jpg,0.4000
04861.jpg,0.3250
04862.jpg,0.3317
04863.jpg,0.8082
04864.jpg,0.6742
04865.jpg,0.3018
04866.jpg,0.4515
04867.jpg,0.3458
04868.jpg,0.7755
04869.jpg,0.5662
04870.jpg,0.4208
04871.jpg,0.4142
04872.jpg,0.4400
04873.jpg,0.2836
04874.jpg,0.6564
04875.jpg,0.7045
04876.jpg,0.3045
04877.jpg,0.5345
04878.jpg,0.3700
04879.jpg,0.3220
04880.jpg,0.2308
04881.jpg,0.6636
04882.jpg,0.7480
04883.jpg,0.3362
04884.jpg,0.3225
04885.jpg,0.7400
04886.jpg,0.4092
04887.jpg,0.7782
04888.jpg,0.2723
04889.jpg,0.6718
04890.jpg,0.6473
04891.jpg,0.1945
04892.jpg,0.5545
04893.jpg,0.3800
04894.jpg,0.3793
04895.jpg,0.2346
04896.jpg,0.6364
04897.jpg,0.3525
04898.jpg,0.7255
04899.jpg,0.3060
04900.jpg,0.4445
04901.jpg,0.3088
04902.jpg,0.3871
04903.jpg,0.2943
04904.jpg,0.6700
04905.jpg,0.3129
04906.jpg,0.7429
04907.jpg,0.6075
04908.jpg,0.4086
04909.jpg,0.4271
04910.jpg,0.6611
04911.jpg,0.6600
04912.jpg,0.1900
04913.jpg,0.3386
04914.jpg,0.2400
04915.jpg,0.7400
04916.jpg,0.1514
04917.jpg,0.6757
04918.jpg,0.3014
04919.jpg,0.7488
04920.jpg,0.5550
04921.jpg,0.2775
04922.jpg,0.5871
04923.jpg,0.4986
04924.jpg,0.2643
04925.jpg,0.6700
04926.jpg,0.3100
04927.jpg,0.6513
04928.jpg,0.5233
04929.jpg,0.2800
04930.jpg,0.6322
04931.jpg,0.7483
04932.jpg,0.6871
04933.jpg,0.1829
04934.jpg,0.5113
04935.jpg,0.4733
04936.jpg,0.3529
04937.jpg,0.2950
04938.jpg,0.1350
04939.jpg,0.6629
04940.jpg,0.7200
04941.jpg,0.3425
04942.jpg,0.5457
04943.jpg,0.2443
04944.jpg,0.7000
04945.jpg,0.4113
04946.jpg,0.7514
04947.jpg,0.7171
04948.jpg,0.3950
04949.jpg,0.2114
04950.jpg,0.3100
04951.jpg,0.4814
04952.jpg,0.1886
04953.jpg,0.3863
04954.jpg,0.5943
04955.jpg,0.6886
04956.jpg,0.2986
04957.jpg,0.1014
04958.jpg,0.6643
04959.jpg,0.6700
04960.jpg,0.3963
04961.jpg,0.6871
04962.jpg,0.3378
04963.jpg,0.3200
04964.jpg,0.7029
04965.jpg,0.2871
04966.jpg,0.5700
04967.jpg,0.1863
04968.jpg,0.2229
04969.jpg,0.0814
04970.jpg,0.2517
04971.jpg,0.6975
04972.jpg,0.4130
04973.jpg,0.3700
04974.jpg,0.5640
04975.jpg,0.3288
04976.jpg,0.8350
04977.jpg,0.7311
04978.jpg,0.4038
04979.jpg,0.6425
04980.jpg,0.2233
04981.jpg,0.7513
04982.jpg,0.6325
04983.jpg,0.4170
04984.jpg,0.4913
04985.jpg,0.7350
04986.jpg,0.2950
04987.jpg,0.3078
04988.jpg,0.4414
04989.jpg,0.7286
04990.jpg,0.6780
04991.jpg,0.7150
04992.jpg,0.4288
04993.jpg,0.2975
04994.jpg,0.7163
04995.jpg,0.3213
04996.jpg,0.6922
04997.jpg,0.5011
04998.jpg,0.7788
04999.jpg,0.7378
05000.jpg,0.4700
05001.jpg,0.8078
05002.jpg,0.4438
05003.jpg,0.4844
05004.jpg,0.7275
05005.jpg,0.4167
05006.jpg,0.3613
05007.jpg,0.6100
05008.jpg,0.6833
05009.jpg,0.5688
05010.jpg,0.6625
05011.jpg,0.4600
05012.jpg,0.3713
05013.jpg,0.4522
05014.jpg,0.7989
05015.jpg,0.4875
05016.jpg,0.3263
05017.jpg,0.4350
05018.jpg,0.1529
05019.jpg,0.6344
05020.jpg,0.8025
05021.jpg,0.6478
05022.jpg,0.7990
05023.jpg,0.3925
05024.jpg,0.6470
05025.jpg,0.3500
05026.jpg,0.7756
05027.jpg,0.8033
05028.jpg,0.6525
05029.jpg,0.3613
05030.jpg,0.5488
05031.jpg,0.7663
05032.jpg,0.4375
05033.jpg,0.3063
05034.jpg,0.5020
05035.jpg,0.2888
05036.jpg,0.7745
05037.jpg,0.7371
05038.jpg,0.1750
05039.jpg,0.4000
05040.jpg,0.2538
05041.jpg,0.5018
05042.jpg,0.3600
05043.jpg,0.4773
05044.jpg,0.5117
05045.jpg,0.3275
05046.jpg,0.8245
05047.jpg,0.8100
05048.jpg,0.4900
05049.jpg,0.3442
05050.jpg,0.5255
05051.jpg,0.3573
05052.jpg,0.2050
05053.jpg,0.7182
05054.jpg,0.7700
05055.jpg,0.5355
05056.jpg,0.7250
05057.jpg,0.3092
05058.jpg,0.3508
05059.jpg,0.4783
05060.jpg,0.2409
05061.jpg,0.4542
05062.jpg,0.5183
05063.jpg,0.2240
05064.jpg,0.4264
05065.jpg,0.5573
05066.jpg,0.2300
05067.jpg,0.3246
05068.jpg,0.6845
05069.jpg,0.5155
05070.jpg,0.7042
05071.jpg,0.6155
05072.jpg,0.3392
05073.jpg,0.5409
05074.jpg,0.2064
05075.jpg,0.4109
05076.jpg,0.7191
05077.jpg,0.7917
05078.jpg,0.7950
05079.jpg,0.6309
05080.jpg,0.3017
05081.jpg,0.7655
05082.jpg,0.7327
05083.jpg,0.7431
05084.jpg,0.3109
05085.jpg,0.6027
05086.jpg,0.3142
05087.jpg,0.4836
05088.jpg,0.3183
05089.jpg,0.7155
05090.jpg,0.0750
05091.jpg,0.7991
05092.jpg,0.6258
05093.jpg,0.6960
05094.jpg,0.3536
05095.jpg,0.0709
05096.jpg,0.4383
05097.jpg,0.4883
05098.jpg,0.7469
05099.jpg,0.5710
05100.jpg,0.7064
05101.jpg,0.2258
05102.jpg,0.5475
05103.jpg,0.6909
05104.jpg,0.3664
05105.jpg,0.6508
05106.jpg,0.4545
05107.jpg,0.4600
05108.jpg,0.7436
05109.jpg,0.8360
05110.jpg,0.7680
05111.jpg,0.4120
05112.jpg,0.6400
05113.jpg,0.2522
05114.jpg,0.3190
05115.jpg,0.5955
05116.jpg,0.2882
05117.jpg,0.4020
05118.jpg,0.6780
05119.jpg,0.5611
05120.jpg,0.2675
05121.jpg,0.0860
05122.jpg,0.5733
05123.jpg,0.2650
05124.jpg,0.8291
05125.jpg,0.8030
05126.jpg,0.7610
05127.jpg,0.7178
05128.jpg,0.1320
05129.jpg,0.1660
05130.jpg,0.6592
05131.jpg,0.7522
05132.jpg,0.1050
05133.jpg,0.8880
05134.jpg,0.5310
05135.jpg,0.8180
05136.jpg,0.4180
05137.jpg,0.2650
05138.jpg,0.3036
05139.jpg,0.3055
05140.jpg,0.4173
05141.jpg,0.6691
05142.jpg,0.6008
05143.jpg,0.6590
05144.jpg,0.7240
05145.jpg,0.4210
05146.jpg,0.4800
05147.jpg,0.5500
05148.jpg,0.3577
05149.jpg,0.8255
05150.jpg,0.4920
05151.jpg,0.3773
05152.jpg,0.7373
05153.jpg,0.7922
05154.jpg,0.5890
05155.jpg,0.4470
05156.jpg,0.6964
05157.jpg,0.4082
05158.jpg,0.1930
05159.jpg,0.3800
05160.jpg,0.3282
05161.jpg,0.6073
05162.jpg,0.3364
05163.jpg,0.7460
05164.jpg,0.1491
05165.jpg,0.6000
05166.jpg,0.6010
05167.jpg,0.5280
05168.jpg,0.1236
05169.jpg,0.5870
05170.jpg,0.8173
05171.jpg,0.6400
05172.jpg,0.3718
05173.jpg,0.5367
05174.jpg,0.1040
05175.jpg,0.6133
05176.jpg,0.3456
05177.jpg,0.4578
05178.jpg,0.7967
05179.jpg,0.4844
05180.jpg,0.4530
05181.jpg,0.8517
05182.jpg,0.2460
05183.jpg,0.2400
05184.jpg,0.3660
05185.jpg,0.8520
05186.jpg,0.7360
05187.jpg,0.7580
05188.jpg,0.1980
05189.jpg,0.8160
05190.jpg,0.7320
05191.jpg,0.5800
05192.jpg,0.6967
05193.jpg,0.8000
05194.jpg,0.4350
05195.jpg,0.3920
05196.jpg,0.2520
05197.jpg,0.7760
05198.jpg,0.8271
05199.jpg,0.4260
05200.jpg,0.6600
05201.jpg,0.8750
05202.jpg,0.9300
05203.jpg,0.4620
05204.jpg,0.4120
05205.jpg,0.3980
05206.jpg,0.3920
05207.jpg,0.5400
05208.jpg,0.6500
05209.jpg,0.5933
05210.jpg,0.6640
05211.jpg,0.6880
05212.jpg,0.7620
05213.jpg,0.3380
05214.jpg,0.6380
05215.jpg,0.7283
05216.jpg,0.2617
05217.jpg,0.4200
05218.jpg,0.3133
05219.jpg,0.7860
05220.jpg,0.2960
05221.jpg,0.5060
05222.jpg,0.7640
05223.jpg,0.3720
05224.jpg,0.3140
05225.jpg,0.2060
05226.jpg,0.4900
05227.jpg,0.6380
05228.jpg,0.5980
05229.jpg,0.7200
05230.jpg,0.5917
05231.jpg,0.4740
05232.jpg,0.8550
05233.jpg,0.4300
05234.jpg,0.7600
05235.jpg,0.5300
05236.jpg,0.7720
05237.jpg,0.2300
05238.jpg,0.4080
05239.jpg,0.1100
05240.jpg,0.0400
05241.jpg,0.6540
05242.jpg,0.7620
05243.jpg,0.5720
05244.jpg,0.8880
05245.jpg,0.5225
05246.jpg,0.7200
05247.jpg,0.2500
05248.jpg,0.4325
05249.jpg,0.3550
05250.jpg,0.4033
05251.jpg,0.4656
05252.jpg,0.8500
05253.jpg,0.6629
05254.jpg,0.6125
05255.jpg,0.2900
05256.jpg,0.4329
05257.jpg,0.5478
05258.jpg,0.8467
05259.jpg,0.7214
05260.jpg,0.7567
05261.jpg,0.7814
05262.jpg,0.7400
05263.jpg,0.2188
05264.jpg,0.1838
05265.jpg,0.3663
05266.jpg,0.0729
05267.jpg,0.1786
05268.jpg,0.4543
05269.jpg,0.2643
05270.jpg,0.6170
05271.jpg,0.0967
05272.jpg,0.1433
05273.jpg,0.1822
05274.jpg,0.3157
05275.jpg,0.8243
05276.jpg,0.2843
05277.jpg,0.3388
05278.jpg,0.5911
05279.jpg,0.8667
05280.jpg,0.7663
05281.jpg,0.7300
05282.jpg,0.6663
05283.jpg,0.1686
05284.jpg,0.7814
05285.jpg,0.3613
05286.jpg,0.3814
05287.jpg,0.3214
05288.jpg,0.6729
05289.jpg,0.2656
05290.jpg,0.6656
05291.jpg,0.3857
05292.jpg,0.1686
05293.jpg,0.0914
05294.jpg,0.3700
05295.jpg,0.7488
05296.jpg,0.2914
05297.jpg,0.6657
05298.jpg,0.6257
05299.jpg,0.2050
05300.jpg,0.7225
05301.jpg,0.8467
05302.jpg,0.5900
05303.jpg,0.4075
05304.jpg,0.2629
05305.jpg,0.6814
05306.jpg,0.2343
05307.jpg,0.8056
05308.jpg,0.1488
05309.jpg,0.1629
05310.jpg,0.5000
05311.jpg,0.8086
05312.jpg,0.1638
05313.jpg,0.7443
05314.jpg,0.2071
05315.jpg,0.4300
05316.jpg,0.6757
05317.jpg,0.8550
05318.jpg,0.6071
05319.jpg,0.7600
05320.jpg,0.4571
05321.jpg,0.7078
05322.jpg,0.2950
05323.jpg,0.5778
05324.jpg,0.8388
05325.jpg,0.6700
05326.jpg,0.8613
05327.jpg,0.4267
05328.jpg,0.2688
05329.jpg,0.5178
05330.jpg,0.4013
05331.jpg,0.8425
05332.jpg,0.4250
05333.jpg,0.7414
05334.jpg,0.3663
05335.jpg,0.6444
05336.jpg,0.4138
05337.jpg,0.4478
05338.jpg,0.6650
05339.jpg,0.8686
05340.jpg,0.7375
05341.jpg,0.5700
05342.jpg,0.6075
05343.jpg,0.4350
05344.jpg,0.4690
05345.jpg,0.5138
05346.jpg,0.5838
05347.jpg,0.3638
05348.jpg,0.8188
05349.jpg,0.7925
05350.jpg,0.3950
05351.jpg,0.2638
05352.jpg,0.4710
05353.jpg,0.2713
05354.jpg,0.2863
05355.jpg,0.7138
05356.jpg,0.4450
05357.jpg,0.5656
05358.jpg,0.4988
05359.jpg,0.8125
05360.jpg,0.8388
05361.jpg,0.7640
05362.jpg,0.7611
05363.jpg,0.3975
05364.jpg,0.8650
05365.jpg,0.4200
05366.jpg,0.6513
05367.jpg,0.7800
05368.jpg,0.8300
05369.jpg,0.2567
05370.jpg,0.1489
05371.jpg,0.3233
05372.jpg,0.7522
05373.jpg,0.3563
05374.jpg,0.6811
05375.jpg,0.8957
05376.jpg,0.5363
05377.jpg,0.7570
05378.jpg,0.7513
05379.jpg,0.4063
05380.jpg,0.4513
05381.jpg,0.5400
05382.jpg,0.7000
05383.jpg,0.3713
05384.jpg,0.1775
05385.jpg,0.7363
05386.jpg,0.7150
05387.jpg,0.3967
05388.jpg,0.7275
05389.jpg,0.5350
05390.jpg,0.6988
05391.jpg,0.2367
05392.jpg,0.7617
05393.jpg,0.7167
05394.jpg,0.5686
05395.jpg,0.3250
05396.jpg,0.2300
05397.jpg,0.8814
05398.jpg,0.1933
05399.jpg,0.2657
05400.jpg,0.3867
05401.jpg,0.5967
05402.jpg,0.1767
05403.jpg,0.8100
05404.jpg,0.3671
05405.jpg,0.2783
05406.jpg,0.7017
05407.jpg,0.1586
05408.jpg,0.7525
05409.jpg,0.1771
05410.jpg,0.3300
05411.jpg,0.8757
05412.jpg,0.7886
05413.jpg,0.3983
05414.jpg,0.7983
05415.jpg,0.4000
05416.jpg,0.7000
05417.jpg,0.4867
05418.jpg,0.3125
05419.jpg,0.7800
05420.jpg,0.2033
05421.jpg,0.4883
05422.jpg,0.8450
05423.jpg,0.2583
05424.jpg,0.7250
05425.jpg,0.6350
05426.jpg,0.7443
05427.jpg,0.4317
05428.jpg,0.4967
05429.jpg,0.2286
05430.jpg,0.2650
05431.jpg,0.1700
05432.jpg,0.7417
05433.jpg,0.2371
05434.jpg,0.8167
05435.jpg,0.7850
05436.jpg,0.6086
05437.jpg,0.4157
05438.jpg,0.6000
05439.jpg,0.7833
05440.jpg,0.4583
05441.jpg,0.7833
05442.jpg,0.5583
05443.jpg,0.7400
05444.jpg,0.4100
05445.jpg,0.2743
05446.jpg,0.7933
05447.jpg,0.3100
05448.jpg,0.3386
05449.jpg,0.7883
05450.jpg,0.8067
05451.jpg,0.4350
05452.jpg,0.3029
05453.jpg,0.7767
05454.jpg,0.4100
05455.jpg,0.8117
05456.jpg,0.4633
05457.jpg,0.5571
05458.jpg,0.2683
05459.jpg,0.7150
05460.jpg,0.4517
05461.jpg,0.3125
05462.jpg,0.7743
05463.jpg,0.7957
05464.jpg,0.1967
05465.jpg,0.5625
05466.jpg,0.5525
05467.jpg,0.3063
05468.jpg,0.3450
05469.jpg,0.8300
05470.jpg,0.6550
05471.jpg,0.7538
05472.jpg,0.0390
05473.jpg,0.4325
05474.jpg,0.4556
05475.jpg,0.4700
05476.jpg,0.7863
05477.jpg,0.2588
05478.jpg,0.2600
05479.jpg,0.6025
05480.jpg,0.7090
05481.jpg,0.7063
05482.jpg,0.6700
05483.jpg,0.7700
05484.jpg,0.3238
05485.jpg,0.4722
05486.jpg,0.2463
05487.jpg,0.1944
05488.jpg,0.0338
05489.jpg,0.2663
05490.jpg,0.4913
05491.jpg,0.4825
05492.jpg,0.7513
05493.jpg,0.3167
05494.jpg,0.7063
05495.jpg,0.4750
05496.jpg,0.2000
05497.jpg,0.8825
05498.jpg,0.8388
05499.jpg,0.7663
05500.jpg,0.2825
05501.jpg,0.7850
05502.jpg,0.4300
05503.jpg,0.3875
05504.jpg,0.4938
05505.jpg,0.4200
05506.jpg,0.2750
05507.jpg,0.4800
05508.jpg,0.3125
05509.jpg,0.6188
05510.jpg,0.3763
05511.jpg,0.2975
05512.jpg,0.8938
05513.jpg,0.4167
05514.jpg,0.3600
05515.jpg,0.4400
05516.jpg,0.3863
05517.jpg,0.3375
05518.jpg,0.2771
05519.jpg,0.2375
05520.jpg,0.6275
05521.jpg,0.4000
05522.jpg,0.1989
05523.jpg,0.8525
05524.jpg,0.3738
05525.jpg,0.7743
05526.jpg,0.2550
05527.jpg,0.5525
05528.jpg,0.1538
05529.jpg,0.5238
05530.jpg,0.5578
05531.jpg,0.2500
05532.jpg,0.2080
05533.jpg,0.8600
05534.jpg,0.4620
05535.jpg,0.8400
05536.jpg,0.2017
05537.jpg,0.7300
05538.jpg,0.6540
05539.jpg,0.3240
05540.jpg,0.2740
05541.jpg,0.1767
05542.jpg,0.1960
05543.jpg,0.6400
05544.jpg,0.7460
05545.jpg,0.1986
05546.jpg,0.1260
05547.jpg,0.3217
05548.jpg,0.4780
05549.jpg,0.3867
05550.jpg,0.3720
05551.jpg,0.2200
05552.jpg,0.6450
05553.jpg,0.3600
05554.jpg,0.2850
05555.jpg,0.3014
05556.jpg,0.1850
05557.jpg,0.6340
05558.jpg,0.0520
05559.jpg,0.2240
05560.jpg,0.2740
05561.jpg,0.6417
05562.jpg,0.5033
05563.jpg,0.6740